date,boarding_count,alighting_count,passenger_count,service_number,bus_stop_id
2021/11/01,,,,1,1
2021/11/01,,,,1,2
2021/11/01,,,,1,3
2021/11/01,,,,1,4
2021/11/01,,,,1,5
2021/11/01,0,0,0,2,1
2021/11/01,8,0,8,2,2
2021/11/01,2,0,10,2,3
2021/11/01,2,0,12,2,4
2021/11/01,0,11,1,2,5
2021/11/01,0,0,0,3,1
2021/11/01,10,1,9,3,2
2021/11/01,6,0,15,3,3
2021/11/01,6,1,20,3,4
2021/11/01,1,19,2,3,5
2021/11/01,,,,4,1
2021/11/01,,,,4,2
2021/11/01,,,,4,3
2021/11/01,,,,4,4
2021/11/01,,,,4,5
2021/11/01,0,0,0,5,1
2021/11/01,2,0,2,5,2
2021/11/01,3,0,5,5,3
2021/11/01,3,0,8,5,4
2021/11/01,0,7,1,5,5
2021/11/01,0,0,0,6,1
2021/11/01,3,1,2,6,2
2021/11/01,2,0,4,6,3
2021/11/01,6,0,10,6,4
2021/11/01,1,7,4,6,5
2021/11/01,,,,7,1
2021/11/01,,,,7,2
2021/11/01,,,,7,3
2021/11/01,,,,7,4
2021/11/01,,,,7,5
2021/11/01,1,0,1,8,1
2021/11/01,0,0,1,8,2
2021/11/01,1,0,2,8,3
2021/11/01,8,0,10,8,4
2021/11/01,0,9,1,8,5
2021/11/01,0,0,0,9,1
2021/11/01,2,0,2,9,2
2021/11/01,4,0,6,9,3
2021/11/01,5,1,10,9,4
2021/11/01,1,12,-1,9,5
2021/11/01,,,,10,1
2021/11/01,,,,10,2
2021/11/01,,,,10,3
2021/11/01,,,,10,4
2021/11/01,,,,10,5
2021/11/01,2,0,2,11,1
2021/11/01,4,0,6,11,2
2021/11/01,1,0,7,11,3
2021/11/01,4,1,10,11,4
2021/11/01,1,7,4,11,5
2021/11/01,,,,12,1
2021/11/01,,,,12,2
2021/11/01,,,,12,3
2021/11/01,,,,12,4
2021/11/01,,,,12,5
2021/11/01,0,0,0,13,1
2021/11/01,3,0,3,13,2
2021/11/01,0,0,3,13,3
2021/11/01,1,0,4,13,4
2021/11/01,0,4,0,13,5
2021/11/01,,,,14,1
2021/11/01,,,,14,2
2021/11/01,,,,14,3
2021/11/01,,,,14,4
2021/11/01,,,,14,5
2021/11/01,1,0,1,15,1
2021/11/01,2,0,3,15,2
2021/11/01,0,0,3,15,3
2021/11/01,12,0,15,15,4
2021/11/01,0,9,6,15,5
2021/11/01,0,0,0,16,1
2021/11/01,0,0,0,16,2
2021/11/01,0,0,0,16,3
2021/11/01,5,0,5,16,4
2021/11/01,0,4,1,16,5
2021/11/01,,,,17,1
2021/11/01,,,,17,2
2021/11/01,,,,17,3
2021/11/01,,,,17,4
2021/11/01,,,,17,5
2021/11/01,1,0,1,18,1
2021/11/01,1,0,2,18,2
2021/11/01,2,0,4,18,3
2021/11/01,3,0,7,18,4
2021/11/01,0,2,5,18,5
2021/11/01,1,0,1,19,1
2021/11/01,2,0,3,19,2
2021/11/01,3,0,6,19,3
2021/11/01,15,0,21,19,4
2021/11/01,0,16,5,19,5
2021/11/01,,,,20,1
2021/11/01,,,,20,2
2021/11/01,,,,20,3
2021/11/01,,,,20,4
2021/11/01,,,,20,5
2021/11/01,7,0,7,21,1
2021/11/01,1,0,8,21,2
2021/11/01,0,0,8,21,3
2021/11/01,1,0,9,21,4
2021/11/01,0,4,5,21,5
2021/11/01,0,0,0,22,1
2021/11/01,2,0,2,22,2
2021/11/01,1,0,3,22,3
2021/11/01,6,0,9,22,4
2021/11/01,0,9,0,22,5
2021/11/01,,,,23,1
2021/11/01,,,,23,2
2021/11/01,,,,23,3
2021/11/01,,,,23,4
2021/11/01,,,,23,5
2021/11/01,2,0,2,24,1
2021/11/01,1,0,3,24,2
2021/11/01,0,0,3,24,3
2021/11/01,1,0,4,24,4
2021/11/01,0,1,3,24,5
2021/11/01,2,0,2,25,1
2021/11/01,0,0,2,25,2
2021/11/01,0,0,2,25,3
2021/11/01,0,0,2,25,4
2021/11/01,0,1,1,25,5
2021/11/01,1,0,1,26,1
2021/11/01,0,0,1,26,2
2021/11/01,0,0,1,26,3
2021/11/01,0,0,1,26,4
2021/11/01,0,0,1,26,5
2021/11/02,,,,1,1
2021/11/02,,,,1,2
2021/11/02,,,,1,3
2021/11/02,,,,1,4
2021/11/02,,,,1,5
2021/11/02,2,0,2,2,1
2021/11/02,11,0,13,2,2
2021/11/02,2,0,15,2,3
2021/11/02,4,0,19,2,4
2021/11/02,0,13,6,2,5
2021/11/02,0,0,0,3,1
2021/11/02,12,0,12,3,2
2021/11/02,3,0,15,3,3
2021/11/02,5,0,20,3,4
2021/11/02,0,17,3,3,5
2021/11/02,,,,4,1
2021/11/02,,,,4,2
2021/11/02,,,,4,3
2021/11/02,,,,4,4
2021/11/02,,,,4,5
2021/11/02,1,0,1,5,1
2021/11/02,7,0,8,5,2
2021/11/02,4,0,12,5,3
2021/11/02,6,0,18,5,4
2021/11/02,0,14,4,5,5
2021/11/02,1,0,1,6,1
2021/11/02,3,0,4,6,2
2021/11/02,3,0,7,6,3
2021/11/02,11,0,18,6,4
2021/11/02,0,14,4,6,5
2021/11/02,,,,7,1
2021/11/02,,,,7,2
2021/11/02,,,,7,3
2021/11/02,,,,7,4
2021/11/02,,,,7,5
2021/11/02,1,0,1,8,1
2021/11/02,4,0,5,8,2
2021/11/02,0,0,5,8,3
2021/11/02,10,0,15,8,4
2021/11/02,0,9,6,8,5
2021/11/02,1,0,1,9,1
2021/11/02,4,0,5,9,2
2021/11/02,2,0,7,9,3
2021/11/02,3,0,10,9,4
2021/11/02,0,6,4,9,5
2021/11/02,,,,10,1
2021/11/02,,,,10,2
2021/11/02,,,,10,3
2021/11/02,,,,10,4
2021/11/02,,,,10,5
2021/11/02,5,0,5,11,1
2021/11/02,4,0,9,11,2
2021/11/02,0,0,9,11,3
2021/11/02,12,0,21,11,4
2021/11/02,0,16,5,11,5
2021/11/02,,,,12,1
2021/11/02,,,,12,2
2021/11/02,,,,12,3
2021/11/02,,,,12,4
2021/11/02,,,,12,5
2021/11/02,1,0,1,13,1
2021/11/02,1,1,1,13,2
2021/11/02,2,0,3,13,3
2021/11/02,5,0,8,13,4
2021/11/02,0,6,2,13,5
2021/11/02,,,,14,1
2021/11/02,,,,14,2
2021/11/02,,,,14,3
2021/11/02,,,,14,4
2021/11/02,,,,14,5
2021/11/02,2,0,2,15,1
2021/11/02,3,0,5,15,2
2021/11/02,1,0,6,15,3
2021/11/02,11,0,17,15,4
2021/11/02,0,15,2,15,5
2021/11/02,0,0,0,16,1
2021/11/02,3,0,3,16,2
2021/11/02,0,0,3,16,3
2021/11/02,3,0,6,16,4
2021/11/02,0,4,2,16,5
2021/11/02,,,,17,1
2021/11/02,,,,17,2
2021/11/02,,,,17,3
2021/11/02,,,,17,4
2021/11/02,,,,17,5
2021/11/02,0,0,0,18,1
2021/11/02,1,0,1,18,2
2021/11/02,1,0,2,18,3
2021/11/02,5,0,7,18,4
2021/11/02,0,4,3,18,5
2021/11/02,0,0,0,19,1
2021/11/02,4,0,4,19,2
2021/11/02,2,1,5,19,3
2021/11/02,15,0,20,19,4
2021/11/02,0,15,5,19,5
2021/11/02,,,,20,1
2021/11/02,,,,20,2
2021/11/02,,,,20,3
2021/11/02,,,,20,4
2021/11/02,,,,20,5
2021/11/02,5,0,5,21,1
2021/11/02,1,0,6,21,2
2021/11/02,0,0,6,21,3
2021/11/02,6,0,12,21,4
2021/11/02,0,6,6,21,5
2021/11/02,0,0,0,22,1
2021/11/02,0,0,0,22,2
2021/11/02,0,0,0,22,3
2021/11/02,2,0,2,22,4
2021/11/02,1,5,-2,22,5
2021/11/02,,,,23,1
2021/11/02,,,,23,2
2021/11/02,,,,23,3
2021/11/02,,,,23,4
2021/11/02,,,,23,5
2021/11/02,1,0,1,24,1
2021/11/02,1,0,2,24,2
2021/11/02,0,0,2,24,3
2021/11/02,0,0,2,24,4
2021/11/02,0,1,1,24,5
2021/11/02,0,0,0,25,1
2021/11/02,0,0,0,25,2
2021/11/02,0,0,0,25,3
2021/11/02,0,0,0,25,4
2021/11/02,0,0,0,25,5
2021/11/02,1,0,1,26,1
2021/11/02,0,0,1,26,2
2021/11/02,0,0,1,26,3
2021/11/02,1,0,2,26,4
2021/11/02,0,1,1,26,5
2021/11/03,,,,1,1
2021/11/03,,,,1,2
2021/11/03,,,,1,3
2021/11/03,,,,1,4
2021/11/03,,,,1,5
2021/11/03,4,0,4,2,1
2021/11/03,1,0,5,2,2
2021/11/03,1,0,6,2,3
2021/11/03,0,0,6,2,4
2021/11/03,0,3,3,2,5
2021/11/03,1,0,1,3,1
2021/11/03,1,0,2,3,2
2021/11/03,0,0,2,3,3
2021/11/03,3,0,5,3,4
2021/11/03,0,3,2,3,5
2021/11/03,,,,4,1
2021/11/03,,,,4,2
2021/11/03,,,,4,3
2021/11/03,,,,4,4
2021/11/03,,,,4,5
2021/11/03,1,0,1,5,1
2021/11/03,4,0,5,5,2
2021/11/03,2,0,7,5,3
2021/11/03,3,0,10,5,4
2021/11/03,0,9,1,5,5
2021/11/03,0,0,0,6,1
2021/11/03,5,0,5,6,2
2021/11/03,1,0,6,6,3
2021/11/03,8,0,14,6,4
2021/11/03,0,13,1,6,5
2021/11/03,,,,7,1
2021/11/03,,,,7,2
2021/11/03,,,,7,3
2021/11/03,,,,7,4
2021/11/03,,,,7,5
2021/11/03,1,0,1,8,1
2021/11/03,2,0,3,8,2
2021/11/03,0,0,3,8,3
2021/11/03,5,0,8,8,4
2021/11/03,0,7,1,8,5
2021/11/03,3,0,3,9,1
2021/11/03,6,0,9,9,2
2021/11/03,3,0,12,9,3
2021/11/03,11,0,23,9,4
2021/11/03,0,24,-1,9,5
2021/11/03,,,,10,1
2021/11/03,,,,10,2
2021/11/03,,,,10,3
2021/11/03,,,,10,4
2021/11/03,,,,10,5
2021/11/03,0,0,0,11,1
2021/11/03,7,0,7,11,2
2021/11/03,3,0,10,11,3
2021/11/03,7,0,17,11,4
2021/11/03,0,18,-1,11,5
2021/11/03,,,,12,1
2021/11/03,,,,12,2
2021/11/03,,,,12,3
2021/11/03,,,,12,4
2021/11/03,,,,12,5
2021/11/03,1,0,1,13,1
2021/11/03,1,0,2,13,2
2021/11/03,5,0,7,13,3
2021/11/03,7,0,14,13,4
2021/11/03,0,11,3,13,5
2021/11/03,,,,14,1
2021/11/03,,,,14,2
2021/11/03,,,,14,3
2021/11/03,,,,14,4
2021/11/03,,,,14,5
2021/11/03,0,0,0,15,1
2021/11/03,4,0,4,15,2
2021/11/03,6,0,10,15,3
2021/11/03,20,0,30,15,4
2021/11/03,0,23,7,15,5
2021/11/03,0,0,0,16,1
2021/11/03,0,0,0,16,2
2021/11/03,0,0,0,16,3
2021/11/03,9,0,9,16,4
2021/11/03,0,8,1,16,5
2021/11/03,,,,17,1
2021/11/03,,,,17,2
2021/11/03,,,,17,3
2021/11/03,,,,17,4
2021/11/03,,,,17,5
2021/11/03,0,0,0,18,1
2021/11/03,0,0,0,18,2
2021/11/03,0,0,0,18,3
2021/11/03,9,0,9,18,4
2021/11/03,0,6,3,18,5
2021/11/03,0,0,0,19,1
2021/11/03,2,0,2,19,2
2021/11/03,0,0,2,19,3
2021/11/03,3,0,5,19,4
2021/11/03,0,3,2,19,5
2021/11/03,,,,20,1
2021/11/03,,,,20,2
2021/11/03,,,,20,3
2021/11/03,,,,20,4
2021/11/03,,,,20,5
2021/11/03,5,0,5,21,1
2021/11/03,0,0,5,21,2
2021/11/03,0,0,5,21,3
2021/11/03,4,0,9,21,4
2021/11/03,0,5,4,21,5
2021/11/03,0,0,0,22,1
2021/11/03,1,0,1,22,2
2021/11/03,0,0,1,22,3
2021/11/03,3,1,3,22,4
2021/11/03,1,4,0,22,5
2021/11/03,,,,23,1
2021/11/03,,,,23,2
2021/11/03,,,,23,3
2021/11/03,,,,23,4
2021/11/03,,,,23,5
2021/11/03,1,0,1,24,1
2021/11/03,0,0,1,24,2
2021/11/03,0,0,1,24,3
2021/11/03,0,0,1,24,4
2021/11/03,0,0,1,24,5
2021/11/03,1,0,1,25,1
2021/11/03,0,0,1,25,2
2021/11/03,0,0,1,25,3
2021/11/03,1,0,2,25,4
2021/11/03,1,2,1,25,5
2021/11/03,2,0,2,26,1
2021/11/03,0,0,2,26,2
2021/11/03,0,0,2,26,3
2021/11/03,1,0,3,26,4
2021/11/03,0,0,3,26,5
2021/11/04,,,,1,1
2021/11/04,,,,1,2
2021/11/04,,,,1,3
2021/11/04,,,,1,4
2021/11/04,,,,1,5
2021/11/04,0,0,0,2,1
2021/11/04,7,0,7,2,2
2021/11/04,0,0,7,2,3
2021/11/04,6,0,13,2,4
2021/11/04,0,11,2,2,5
2021/11/04,0,0,0,3,1
2021/11/04,18,0,18,3,2
2021/11/04,5,0,23,3,3
2021/11/04,5,0,28,3,4
2021/11/04,0,23,5,3,5
2021/11/04,,,,4,1
2021/11/04,,,,4,2
2021/11/04,,,,4,3
2021/11/04,,,,4,4
2021/11/04,,,,4,5
2021/11/04,1,0,1,5,1
2021/11/04,5,0,6,5,2
2021/11/04,2,0,8,5,3
2021/11/04,6,0,14,5,4
2021/11/04,0,8,6,5,5
2021/11/04,0,0,0,6,1
2021/11/04,2,0,2,6,2
2021/11/04,1,0,3,6,3
2021/11/04,8,0,11,6,4
2021/11/04,1,10,2,6,5
2021/11/04,,,,7,1
2021/11/04,,,,7,2
2021/11/04,,,,7,3
2021/11/04,,,,7,4
2021/11/04,,,,7,5
2021/11/04,1,0,1,8,1
2021/11/04,2,0,3,8,2
2021/11/04,0,0,3,8,3
2021/11/04,6,0,9,8,4
2021/11/04,0,7,2,8,5
2021/11/04,0,0,0,9,1
2021/11/04,4,0,4,9,2
2021/11/04,3,0,7,9,3
2021/11/04,9,0,16,9,4
2021/11/04,0,15,1,9,5
2021/11/04,,,,10,1
2021/11/04,,,,10,2
2021/11/04,,,,10,3
2021/11/04,,,,10,4
2021/11/04,,,,10,5
2021/11/04,4,0,4,11,1
2021/11/04,1,0,5,11,2
2021/11/04,0,0,5,11,3
2021/11/04,11,0,16,11,4
2021/11/04,0,13,3,11,5
2021/11/04,,,,12,1
2021/11/04,,,,12,2
2021/11/04,,,,12,3
2021/11/04,,,,12,4
2021/11/04,,,,12,5
2021/11/04,0,0,0,13,1
2021/11/04,1,0,1,13,2
2021/11/04,0,0,1,13,3
2021/11/04,2,0,3,13,4
2021/11/04,0,3,0,13,5
2021/11/04,,,,14,1
2021/11/04,,,,14,2
2021/11/04,,,,14,3
2021/11/04,,,,14,4
2021/11/04,,,,14,5
2021/11/04,0,0,0,15,1
2021/11/04,0,0,0,15,2
2021/11/04,2,0,2,15,3
2021/11/04,5,0,7,15,4
2021/11/04,0,6,1,15,5
2021/11/04,0,0,0,16,1
2021/11/04,5,0,5,16,2
2021/11/04,1,0,6,16,3
2021/11/04,6,0,12,16,4
2021/11/04,0,12,0,16,5
2021/11/04,,,,17,1
2021/11/04,,,,17,2
2021/11/04,,,,17,3
2021/11/04,,,,17,4
2021/11/04,,,,17,5
2021/11/04,0,0,0,18,1
2021/11/04,1,0,1,18,2
2021/11/04,1,0,2,18,3
2021/11/04,10,0,12,18,4
2021/11/04,0,10,2,18,5
2021/11/04,3,0,3,19,1
2021/11/04,3,0,6,19,2
2021/11/04,1,0,7,19,3
2021/11/04,17,0,24,19,4
2021/11/04,0,22,2,19,5
2021/11/04,,,,20,1
2021/11/04,,,,20,2
2021/11/04,,,,20,3
2021/11/04,,,,20,4
2021/11/04,,,,20,5
2021/11/04,4,0,4,21,1
2021/11/04,0,0,4,21,2
2021/11/04,0,0,4,21,3
2021/11/04,3,0,7,21,4
2021/11/04,0,1,6,21,5
2021/11/04,0,0,0,22,1
2021/11/04,1,0,1,22,2
2021/11/04,0,0,1,22,3
2021/11/04,1,0,2,22,4
2021/11/04,0,1,1,22,5
2021/11/04,,,,23,1
2021/11/04,,,,23,2
2021/11/04,,,,23,3
2021/11/04,,,,23,4
2021/11/04,,,,23,5
2021/11/04,4,0,4,24,1
2021/11/04,1,0,5,24,2
2021/11/04,0,0,5,24,3
2021/11/04,1,0,6,24,4
2021/11/04,0,5,1,24,5
2021/11/04,1,0,1,25,1
2021/11/04,0,0,1,25,2
2021/11/04,0,0,1,25,3
2021/11/04,3,0,4,25,4
2021/11/04,0,3,1,25,5
2021/11/04,2,0,2,26,1
2021/11/04,0,0,2,26,2
2021/11/04,0,0,2,26,3
2021/11/04,0,0,2,26,4
2021/11/04,0,0,2,26,5
2021/11/05,,,,1,1
2021/11/05,,,,1,2
2021/11/05,,,,1,3
2021/11/05,,,,1,4
2021/11/05,,,,1,5
2021/11/05,0,0,0,2,1
2021/11/05,12,0,12,2,2
2021/11/05,1,0,13,2,3
2021/11/05,5,0,18,2,4
2021/11/05,1,13,6,2,5
2021/11/05,1,0,1,3,1
2021/11/05,8,0,9,3,2
2021/11/05,5,0,14,3,3
2021/11/05,8,0,22,3,4
2021/11/05,0,19,3,3,5
2021/11/05,,,,4,1
2021/11/05,,,,4,2
2021/11/05,,,,4,3
2021/11/05,,,,4,4
2021/11/05,,,,4,5
2021/11/05,0,0,0,5,1
2021/11/05,5,0,5,5,2
2021/11/05,5,0,10,5,3
2021/11/05,2,0,12,5,4
2021/11/05,0,11,1,5,5
2021/11/05,0,0,0,6,1
2021/11/05,3,0,3,6,2
2021/11/05,3,0,6,6,3
2021/11/05,3,0,9,6,4
2021/11/05,0,9,0,6,5
2021/11/05,,,,7,1
2021/11/05,,,,7,2
2021/11/05,,,,7,3
2021/11/05,,,,7,4
2021/11/05,,,,7,5
2021/11/05,0,0,0,8,1
2021/11/05,3,0,3,8,2
2021/11/05,3,0,6,8,3
2021/11/05,7,0,13,8,4
2021/11/05,0,13,0,8,5
2021/11/05,0,0,0,9,1
2021/11/05,4,0,4,9,2
2021/11/05,3,0,7,9,3
2021/11/05,4,0,11,9,4
2021/11/05,0,9,2,9,5
2021/11/05,,,,10,1
2021/11/05,,,,10,2
2021/11/05,,,,10,3
2021/11/05,,,,10,4
2021/11/05,,,,10,5
2021/11/05,0,0,0,11,1
2021/11/05,6,0,6,11,2
2021/11/05,1,0,7,11,3
2021/11/05,5,0,12,11,4
2021/11/05,0,11,1,11,5
2021/11/05,,,,12,1
2021/11/05,,,,12,2
2021/11/05,,,,12,3
2021/11/05,,,,12,4
2021/11/05,,,,12,5
2021/11/05,0,0,0,13,1
2021/11/05,0,0,0,13,2
2021/11/05,0,0,0,13,3
2021/11/05,3,0,3,13,4
2021/11/05,0,4,-1,13,5
2021/11/05,,,,14,1
2021/11/05,,,,14,2
2021/11/05,,,,14,3
2021/11/05,,,,14,4
2021/11/05,,,,14,5
2021/11/05,3,0,3,15,1
2021/11/05,2,0,5,15,2
2021/11/05,2,0,7,15,3
2021/11/05,9,0,16,15,4
2021/11/05,0,14,2,15,5
2021/11/05,0,0,0,16,1
2021/11/05,3,0,3,16,2
2021/11/05,1,0,4,16,3
2021/11/05,4,0,8,16,4
2021/11/05,0,6,2,16,5
2021/11/05,,,,17,1
2021/11/05,,,,17,2
2021/11/05,,,,17,3
2021/11/05,,,,17,4
2021/11/05,,,,17,5
2021/11/05,3,0,3,18,1
2021/11/05,3,0,6,18,2
2021/11/05,0,0,6,18,3
2021/11/05,6,0,12,18,4
2021/11/05,0,10,2,18,5
2021/11/05,2,0,2,19,1
2021/11/05,1,0,3,19,2
2021/11/05,2,0,5,19,3
2021/11/05,18,0,23,19,4
2021/11/05,0,17,6,19,5
2021/11/05,,,,20,1
2021/11/05,,,,20,2
2021/11/05,,,,20,3
2021/11/05,,,,20,4
2021/11/05,,,,20,5
2021/11/05,4,0,4,21,1
2021/11/05,2,0,6,21,2
2021/11/05,1,0,7,21,3
2021/11/05,5,0,12,21,4
2021/11/05,0,9,3,21,5
2021/11/05,0,0,0,22,1
2021/11/05,0,0,0,22,2
2021/11/05,0,0,0,22,3
2021/11/05,3,0,3,22,4
2021/11/05,0,5,-2,22,5
2021/11/05,,,,23,1
2021/11/05,,,,23,2
2021/11/05,,,,23,3
2021/11/05,,,,23,4
2021/11/05,,,,23,5
2021/11/05,0,0,0,24,1
2021/11/05,1,0,1,24,2
2021/11/05,0,0,1,24,3
2021/11/05,3,0,4,24,4
2021/11/05,0,2,2,24,5
2021/11/05,0,0,0,25,1
2021/11/05,0,0,0,25,2
2021/11/05,0,0,0,25,3
2021/11/05,4,0,4,25,4
2021/11/05,0,4,0,25,5
2021/11/05,3,0,3,26,1
2021/11/05,0,0,3,26,2
2021/11/05,0,0,3,26,3
2021/11/05,1,0,4,26,4
2021/11/05,0,1,3,26,5
2021/11/06,,,,1,1
2021/11/06,,,,1,2
2021/11/06,,,,1,3
2021/11/06,,,,1,4
2021/11/06,,,,1,5
2021/11/06,0,0,0,2,1
2021/11/06,1,0,1,2,2
2021/11/06,3,0,4,2,3
2021/11/06,3,0,7,2,4
2021/11/06,0,2,5,2,5
2021/11/06,3,0,3,3,1
2021/11/06,2,0,5,3,2
2021/11/06,0,0,5,3,3
2021/11/06,9,0,14,3,4
2021/11/06,0,12,2,3,5
2021/11/06,,,,4,1
2021/11/06,,,,4,2
2021/11/06,,,,4,3
2021/11/06,,,,4,4
2021/11/06,,,,4,5
2021/11/06,3,0,3,5,1
2021/11/06,9,0,12,5,2
2021/11/06,2,0,14,5,3
2021/11/06,2,0,16,5,4
2021/11/06,0,5,11,5,5
2021/11/06,2,0,2,6,1
2021/11/06,2,0,4,6,2
2021/11/06,1,0,5,6,3
2021/11/06,6,0,11,6,4
2021/11/06,1,10,2,6,5
2021/11/06,,,,7,1
2021/11/06,,,,7,2
2021/11/06,,,,7,3
2021/11/06,,,,7,4
2021/11/06,,,,7,5
2021/11/06,0,0,0,8,1
2021/11/06,3,0,3,8,2
2021/11/06,2,0,5,8,3
2021/11/06,7,0,12,8,4
2021/11/06,0,7,5,8,5
2021/11/06,0,0,0,9,1
2021/11/06,10,0,10,9,2
2021/11/06,0,0,10,9,3
2021/11/06,18,0,28,9,4
2021/11/06,0,21,7,9,5
2021/11/06,,,,10,1
2021/11/06,,,,10,2
2021/11/06,,,,10,3
2021/11/06,,,,10,4
2021/11/06,,,,10,5
2021/11/06,1,0,1,11,1
2021/11/06,6,0,7,11,2
2021/11/06,2,0,9,11,3
2021/11/06,12,0,21,11,4
2021/11/06,0,17,4,11,5
2021/11/06,,,,12,1
2021/11/06,,,,12,2
2021/11/06,,,,12,3
2021/11/06,,,,12,4
2021/11/06,,,,12,5
2021/11/06,0,0,0,13,1
2021/11/06,1,0,1,13,2
2021/11/06,0,0,1,13,3
2021/11/06,12,0,13,13,4
2021/11/06,0,10,3,13,5
2021/11/06,,,,14,1
2021/11/06,,,,14,2
2021/11/06,,,,14,3
2021/11/06,,,,14,4
2021/11/06,,,,14,5
2021/11/06,3,0,3,15,1
2021/11/06,4,0,7,15,2
2021/11/06,2,0,9,15,3
2021/11/06,16,0,25,15,4
2021/11/06,1,24,2,15,5
2021/11/06,0,0,0,16,1
2021/11/06,0,0,0,16,2
2021/11/06,0,0,0,16,3
2021/11/06,17,0,17,16,4
2021/11/06,0,15,2,16,5
2021/11/06,,,,17,1
2021/11/06,,,,17,2
2021/11/06,,,,17,3
2021/11/06,,,,17,4
2021/11/06,,,,17,5
2021/11/06,0,0,0,18,1
2021/11/06,2,0,2,18,2
2021/11/06,1,0,3,18,3
2021/11/06,2,0,5,18,4
2021/11/06,0,4,1,18,5
2021/11/06,0,0,0,19,1
2021/11/06,3,0,3,19,2
2021/11/06,1,0,4,19,3
2021/11/06,10,0,14,19,4
2021/11/06,0,11,3,19,5
2021/11/06,,,,20,1
2021/11/06,,,,20,2
2021/11/06,,,,20,3
2021/11/06,,,,20,4
2021/11/06,,,,20,5
2021/11/06,2,0,2,21,1
2021/11/06,0,0,2,21,2
2021/11/06,2,0,4,21,3
2021/11/06,11,0,15,21,4
2021/11/06,0,14,1,21,5
2021/11/06,2,0,2,22,1
2021/11/06,2,0,4,22,2
2021/11/06,0,0,4,22,3
2021/11/06,0,0,4,22,4
2021/11/06,0,4,0,22,5
2021/11/06,,,,23,1
2021/11/06,,,,23,2
2021/11/06,,,,23,3
2021/11/06,,,,23,4
2021/11/06,,,,23,5
2021/11/06,0,0,0,24,1
2021/11/06,0,0,0,24,2
2021/11/06,0,0,0,24,3
2021/11/06,1,0,1,24,4
2021/11/06,0,1,0,24,5
2021/11/06,1,0,1,25,1
2021/11/06,0,0,1,25,2
2021/11/06,0,0,1,25,3
2021/11/06,3,0,4,25,4
2021/11/06,0,3,1,25,5
2021/11/06,0,0,0,26,1
2021/11/06,1,0,1,26,2
2021/11/06,0,0,1,26,3
2021/11/06,1,0,2,26,4
2021/11/06,0,2,0,26,5
2021/11/07,,,,1,1
2021/11/07,,,,1,2
2021/11/07,,,,1,3
2021/11/07,,,,1,4
2021/11/07,,,,1,5
2021/11/07,0,0,0,2,1
2021/11/07,3,0,3,2,2
2021/11/07,1,0,4,2,3
2021/11/07,1,0,5,2,4
2021/11/07,0,3,2,2,5
2021/11/07,0,0,0,3,1
2021/11/07,3,0,3,3,2
2021/11/07,0,0,3,3,3
2021/11/07,2,0,5,3,4
2021/11/07,0,5,0,3,5
2021/11/07,,,,4,1
2021/11/07,,,,4,2
2021/11/07,,,,4,3
2021/11/07,,,,4,4
2021/11/07,,,,4,5
2021/11/07,2,0,2,5,1
2021/11/07,3,0,5,5,2
2021/11/07,1,0,6,5,3
2021/11/07,8,0,14,5,4
2021/11/07,0,12,2,5,5
2021/11/07,1,0,1,6,1
2021/11/07,4,0,5,6,2
2021/11/07,1,0,6,6,3
2021/11/07,3,0,9,6,4
2021/11/07,0,7,2,6,5
2021/11/07,,,,7,1
2021/11/07,,,,7,2
2021/11/07,,,,7,3
2021/11/07,,,,7,4
2021/11/07,,,,7,5
2021/11/07,0,0,0,8,1
2021/11/07,4,0,4,8,2
2021/11/07,1,0,5,8,3
2021/11/07,17,1,21,8,4
2021/11/07,0,16,5,8,5
2021/11/07,0,0,0,9,1
2021/11/07,6,0,6,9,2
2021/11/07,3,0,9,9,3
2021/11/07,7,0,16,9,4
2021/11/07,0,13,3,9,5
2021/11/07,,,,10,1
2021/11/07,,,,10,2
2021/11/07,,,,10,3
2021/11/07,,,,10,4
2021/11/07,,,,10,5
2021/11/07,0,0,0,11,1
2021/11/07,3,0,3,11,2
2021/11/07,3,0,6,11,3
2021/11/07,7,0,13,11,4
2021/11/07,1,14,0,11,5
2021/11/07,,,,12,1
2021/11/07,,,,12,2
2021/11/07,,,,12,3
2021/11/07,,,,12,4
2021/11/07,,,,12,5
2021/11/07,0,0,0,13,1
2021/11/07,3,0,3,13,2
2021/11/07,1,0,4,13,3
2021/11/07,7,0,11,13,4
2021/11/07,0,8,3,13,5
2021/11/07,,,,14,1
2021/11/07,,,,14,2
2021/11/07,,,,14,3
2021/11/07,,,,14,4
2021/11/07,,,,14,5
2021/11/07,0,0,0,15,1
2021/11/07,9,0,9,15,2
2021/11/07,0,0,9,15,3
2021/11/07,10,0,19,15,4
2021/11/07,0,15,4,15,5
2021/11/07,1,0,1,16,1
2021/11/07,0,0,1,16,2
2021/11/07,0,0,1,16,3
2021/11/07,4,0,5,16,4
2021/11/07,0,5,0,16,5
2021/11/07,,,,17,1
2021/11/07,,,,17,2
2021/11/07,,,,17,3
2021/11/07,,,,17,4
2021/11/07,,,,17,5
2021/11/07,0,0,0,18,1
2021/11/07,0,0,0,18,2
2021/11/07,0,0,0,18,3
2021/11/07,2,0,2,18,4
2021/11/07,0,2,0,18,5
2021/11/07,3,0,3,19,1
2021/11/07,2,0,5,19,2
2021/11/07,0,0,5,19,3
2021/11/07,8,0,13,19,4
2021/11/07,0,10,3,19,5
2021/11/07,,,,20,1
2021/11/07,,,,20,2
2021/11/07,,,,20,3
2021/11/07,,,,20,4
2021/11/07,,,,20,5
2021/11/07,3,0,3,21,1
2021/11/07,3,0,6,21,2
2021/11/07,0,0,6,21,3
2021/11/07,1,0,7,21,4
2021/11/07,0,2,5,21,5
2021/11/07,0,0,0,22,1
2021/11/07,0,0,0,22,2
2021/11/07,0,0,0,22,3
2021/11/07,1,0,1,22,4
2021/11/07,0,0,1,22,5
2021/11/07,,,,23,1
2021/11/07,,,,23,2
2021/11/07,,,,23,3
2021/11/07,,,,23,4
2021/11/07,,,,23,5
2021/11/07,1,0,1,24,1
2021/11/07,0,0,1,24,2
2021/11/07,0,0,1,24,3
2021/11/07,2,0,3,24,4
2021/11/07,0,2,1,24,5
2021/11/07,1,0,1,25,1
2021/11/07,0,0,1,25,2
2021/11/07,0,0,1,25,3
2021/11/07,2,0,3,25,4
2021/11/07,0,4,-1,25,5
2021/11/07,0,0,0,26,1
2021/11/07,0,0,0,26,2
2021/11/07,0,0,0,26,3
2021/11/07,0,0,0,26,4
2021/11/07,0,0,0,26,5
2021/11/08,0,0,0,1,1
2021/11/08,3,0,3,1,2
2021/11/08,0,0,3,1,3
2021/11/08,2,0,5,1,4
2021/11/08,0,3,2,1,5
2021/11/08,1,0,1,2,1
2021/11/08,7,0,8,2,2
2021/11/08,0,0,8,2,3
2021/11/08,4,0,12,2,4
2021/11/08,0,6,6,2,5
2021/11/08,0,0,0,3,1
2021/11/08,9,0,9,3,2
2021/11/08,2,0,11,3,3
2021/11/08,3,0,14,3,4
2021/11/08,0,15,-1,3,5
2021/11/08,0,0,0,4,1
2021/11/08,7,0,7,4,2
2021/11/08,7,0,14,4,3
2021/11/08,6,0,20,4,4
2021/11/08,0,14,6,4,5
2021/11/08,0,0,0,5,1
2021/11/08,4,0,4,5,2
2021/11/08,5,0,9,5,3
2021/11/08,2,0,11,5,4
2021/11/08,0,9,2,5,5
2021/11/08,0,0,0,6,1
2021/11/08,3,0,3,6,2
2021/11/08,1,0,4,6,3
2021/11/08,7,0,11,6,4
2021/11/08,0,11,0,6,5
2021/11/08,0,0,0,7,1
2021/11/08,3,0,3,7,2
2021/11/08,1,0,4,7,3
2021/11/08,5,0,9,7,4
2021/11/08,0,8,1,7,5
2021/11/08,0,0,0,8,1
2021/11/08,3,0,3,8,2
2021/11/08,0,0,3,8,3
2021/11/08,3,0,6,8,4
2021/11/08,0,5,1,8,5
2021/11/08,0,0,0,9,1
2021/11/08,3,0,3,9,2
2021/11/08,3,0,6,9,3
2021/11/08,4,0,10,9,4
2021/11/08,1,11,0,9,5
2021/11/08,0,0,0,10,1
2021/11/08,2,0,2,10,2
2021/11/08,4,0,6,10,3
2021/11/08,4,0,10,10,4
2021/11/08,0,8,2,10,5
2021/11/08,2,0,2,11,1
2021/11/08,1,0,3,11,2
2021/11/08,2,0,5,11,3
2021/11/08,9,0,14,11,4
2021/11/08,0,14,0,11,5
2021/11/08,0,0,0,12,1
2021/11/08,2,0,2,12,2
2021/11/08,2,0,4,12,3
2021/11/08,4,0,8,12,4
2021/11/08,1,9,0,12,5
2021/11/08,0,0,0,13,1
2021/11/08,1,0,1,13,2
2021/11/08,2,0,3,13,3
2021/11/08,2,0,5,13,4
2021/11/08,0,5,0,13,5
2021/11/08,3,0,3,14,1
2021/11/08,1,0,4,14,2
2021/11/08,0,0,4,14,3
2021/11/08,4,0,8,14,4
2021/11/08,0,6,2,14,5
2021/11/08,1,0,1,15,1
2021/11/08,3,0,4,15,2
2021/11/08,2,0,6,15,3
2021/11/08,10,0,16,15,4
2021/11/08,0,14,2,15,5
2021/11/08,6,0,6,16,1
2021/11/08,2,0,2,16,2
2021/11/08,0,0,2,16,3
2021/11/08,5,0,7,16,4
2021/11/08,0,4,3,16,5
2021/11/08,0,0,0,17,1
2021/11/08,2,0,8,17,2
2021/11/08,1,0,9,17,3
2021/11/08,7,0,16,17,4
2021/11/08,0,12,4,17,5
2021/11/08,0,0,0,18,1
2021/11/08,1,0,1,18,2
2021/11/08,1,0,2,18,3
2021/11/08,7,1,8,18,4
2021/11/08,0,5,3,18,5
2021/11/08,2,0,2,19,1
2021/11/08,1,0,3,19,2
2021/11/08,1,0,4,19,3
2021/11/08,16,0,20,19,4
2021/11/08,0,18,2,19,5
2021/11/08,2,0,2,20,1
2021/11/08,2,0,4,20,2
2021/11/08,0,0,4,20,3
2021/11/08,5,0,9,20,4
2021/11/08,0,8,1,20,5
2021/11/08,3,0,3,21,1
2021/11/08,1,0,4,21,2
2021/11/08,0,0,4,21,3
2021/11/08,7,0,11,21,4
2021/11/08,0,8,3,21,5
2021/11/08,2,0,2,22,1
2021/11/08,0,0,2,22,2
2021/11/08,0,0,2,22,3
2021/11/08,5,0,7,22,4
2021/11/08,0,5,2,22,5
2021/11/08,5,0,5,23,1
2021/11/08,0,0,5,23,2
2021/11/08,0,0,5,23,3
2021/11/08,3,1,7,23,4
2021/11/08,0,4,3,23,5
2021/11/08,2,0,2,24,1
2021/11/08,0,0,2,24,2
2021/11/08,0,0,2,24,3
2021/11/08,0,0,2,24,4
2021/11/08,0,0,2,24,5
2021/11/08,2,0,2,25,1
2021/11/08,0,0,2,25,2
2021/11/08,0,0,2,25,3
2021/11/08,4,0,6,25,4
2021/11/08,1,4,3,25,5
2021/11/08,2,0,2,26,1
2021/11/08,0,0,2,26,2
2021/11/08,0,0,2,26,3
2021/11/08,0,0,2,26,4
2021/11/08,0,0,2,26,5
2021/11/09,,,,1,1
2021/11/09,,,,1,2
2021/11/09,,,,1,3
2021/11/09,,,,1,4
2021/11/09,,,,1,5
2021/11/09,1,0,1,2,1
2021/11/09,7,0,8,2,2
2021/11/09,3,0,11,2,3
2021/11/09,4,0,15,2,4
2021/11/09,0,10,5,2,5
2021/11/09,4,0,4,3,1
2021/11/09,13,0,17,3,2
2021/11/09,3,0,20,3,3
2021/11/09,4,0,24,3,4
2021/11/09,1,22,3,3,5
2021/11/09,,,,4,1
2021/11/09,,,,4,2
2021/11/09,,,,4,3
2021/11/09,,,,4,4
2021/11/09,,,,4,5
2021/11/09,2,0,2,5,1
2021/11/09,5,0,7,5,2
2021/11/09,5,0,12,5,3
2021/11/09,3,0,15,5,4
2021/11/09,0,14,1,5,5
2021/11/09,0,0,0,6,1
2021/11/09,3,0,3,6,2
2021/11/09,0,0,3,6,3
2021/11/09,2,0,5,6,4
2021/11/09,0,2,3,6,5
2021/11/09,,,,7,1
2021/11/09,,,,7,2
2021/11/09,,,,7,3
2021/11/09,,,,7,4
2021/11/09,,,,7,5
2021/11/09,1,0,1,8,1
2021/11/09,4,0,5,8,2
2021/11/09,0,0,5,8,3
2021/11/09,10,0,15,8,4
2021/11/09,0,12,3,8,5
2021/11/09,0,0,0,9,1
2021/11/09,2,0,2,9,2
2021/11/09,0,0,2,9,3
2021/11/09,6,0,8,9,4
2021/11/09,0,7,1,9,5
2021/11/09,,,,10,1
2021/11/09,,,,10,2
2021/11/09,,,,10,3
2021/11/09,,,,10,4
2021/11/09,,,,10,5
2021/11/09,0,0,0,11,1
2021/11/09,3,0,3,11,2
2021/11/09,2,0,5,11,3
2021/11/09,4,0,9,11,4
2021/11/09,0,9,0,11,5
2021/11/09,,,,12,1
2021/11/09,,,,12,2
2021/11/09,,,,12,3
2021/11/09,,,,12,4
2021/11/09,,,,12,5
2021/11/09,3,0,3,13,1
2021/11/09,0,0,3,13,2
2021/11/09,0,0,3,13,3
2021/11/09,3,2,4,13,4
2021/11/09,0,2,2,13,5
2021/11/09,,,,14,1
2021/11/09,,,,14,2
2021/11/09,,,,14,3
2021/11/09,,,,14,4
2021/11/09,,,,14,5
2021/11/09,1,0,1,15,1
2021/11/09,1,0,2,15,2
2021/11/09,1,0,3,15,3
2021/11/09,13,0,16,15,4
2021/11/09,0,11,5,15,5
2021/11/09,,,,16,1
2021/11/09,1,0,1,16,2
2021/11/09,3,0,4,16,3
2021/11/09,2,0,6,16,4
2021/11/09,0,4,2,16,5
2021/11/09,0,0,0,17,1
2021/11/09,,,,17,2
2021/11/09,,,,17,3
2021/11/09,,,,17,4
2021/11/09,,,,17,5
2021/11/09,1,0,1,18,1
2021/11/09,1,0,2,18,2
2021/11/09,2,0,4,18,3
2021/11/09,6,0,10,18,4
2021/11/09,0,8,2,18,5
2021/11/09,2,0,2,19,1
2021/11/09,3,0,5,19,2
2021/11/09,2,0,7,19,3
2021/11/09,22,0,29,19,4
2021/11/09,0,22,7,19,5
2021/11/09,,,,20,1
2021/11/09,,,,20,2
2021/11/09,,,,20,3
2021/11/09,,,,20,4
2021/11/09,,,,20,5
2021/11/09,2,0,2,21,1
2021/11/09,2,0,4,21,2
2021/11/09,0,0,4,21,3
2021/11/09,4,0,8,21,4
2021/11/09,0,4,4,21,5
2021/11/09,1,0,1,22,1
2021/11/09,0,0,1,22,2
2021/11/09,0,0,1,22,3
2021/11/09,2,0,3,22,4
2021/11/09,0,2,1,22,5
2021/11/09,,,,23,1
2021/11/09,,,,23,2
2021/11/09,,,,23,3
2021/11/09,,,,23,4
2021/11/09,,,,23,5
2021/11/09,1,0,1,24,1
2021/11/09,5,0,6,24,2
2021/11/09,0,0,6,24,3
2021/11/09,2,0,8,24,4
2021/11/09,0,5,3,24,5
2021/11/09,1,0,1,25,1
2021/11/09,0,0,1,25,2
2021/11/09,0,0,1,25,3
2021/11/09,5,0,6,25,4
2021/11/09,0,5,1,25,5
2021/11/09,4,0,4,26,1
2021/11/09,3,0,7,26,2
2021/11/09,0,0,7,26,3
2021/11/09,0,0,7,26,4
2021/11/09,0,2,5,26,5
2021/11/10,1,0,1,1,1
2021/11/10,2,0,3,1,2
2021/11/10,0,0,3,1,3
2021/11/10,1,0,4,1,4
2021/11/10,0,2,2,1,5
2021/11/10,1,0,1,2,1
2021/11/10,5,0,6,2,2
2021/11/10,2,0,8,2,3
2021/11/10,5,0,13,2,4
2021/11/10,0,10,3,2,5
2021/11/10,0,0,0,3,1
2021/11/10,14,0,14,3,2
2021/11/10,4,0,18,3,3
2021/11/10,2,0,20,3,4
2021/11/10,0,19,1,3,5
2021/11/10,1,0,1,4,1
2021/11/10,8,0,9,4,2
2021/11/10,6,0,15,4,3
2021/11/10,9,1,23,4,4
2021/11/10,0,15,8,4,5
2021/11/10,3,0,3,5,1
2021/11/10,5,1,7,5,2
2021/11/10,3,0,10,5,3
2021/11/10,9,1,18,5,4
2021/11/10,0,13,5,5,5
2021/11/10,1,0,1,6,1
2021/11/10,1,0,2,6,2
2021/11/10,0,0,2,6,3
2021/11/10,5,0,7,6,4
2021/11/10,0,7,0,6,5
2021/11/10,1,0,1,7,1
2021/11/10,1,0,2,7,2
2021/11/10,2,0,4,7,3
2021/11/10,1,0,5,7,4
2021/11/10,0,3,2,7,5
2021/11/10,2,0,2,8,1
2021/11/10,1,0,3,8,2
2021/11/10,5,0,8,8,3
2021/11/10,8,0,16,8,4
2021/11/10,0,13,3,8,5
2021/11/10,0,0,0,9,1
2021/11/10,5,0,5,9,2
2021/11/10,2,0,7,9,3
2021/11/10,6,1,12,9,4
2021/11/10,0,10,2,9,5
2021/11/10,1,0,1,10,1
2021/11/10,3,0,4,10,2
2021/11/10,4,0,8,10,3
2021/11/10,1,0,9,10,4
2021/11/10,0,9,0,10,5
2021/11/10,1,0,1,11,1
2021/11/10,5,0,6,11,2
2021/11/10,2,0,8,11,3
2021/11/10,8,0,16,11,4
2021/11/10,1,11,6,11,5
2021/11/10,1,0,1,12,1
2021/11/10,0,0,1,12,2
2021/11/10,3,0,4,12,3
2021/11/10,5,0,9,12,4
2021/11/10,0,9,0,12,5
2021/11/10,1,0,1,13,1
2021/11/10,0,0,1,13,2
2021/11/10,1,0,2,13,3
2021/11/10,5,0,7,13,4
2021/11/10,0,6,1,13,5
2021/11/10,4,0,4,14,1
2021/11/10,2,0,6,14,2
2021/11/10,1,0,7,14,3
2021/11/10,1,0,8,14,4
2021/11/10,0,7,1,14,5
2021/11/10,1,0,1,15,1
2021/11/10,2,0,3,15,2
2021/11/10,0,0,3,15,3
2021/11/10,6,0,9,15,4
2021/11/10,0,9,0,15,5
2021/11/10,2,0,2,16,1
2021/11/10,6,0,8,16,2
2021/11/10,0,0,8,16,3
2021/11/10,4,0,12,16,4
2021/11/10,1,10,3,16,5
2021/11/10,5,0,5,17,1
2021/11/10,2,0,7,17,2
2021/11/10,0,0,7,17,3
2021/11/10,9,0,16,17,4
2021/11/10,0,13,3,17,5
2021/11/10,4,0,4,18,1
2021/11/10,2,0,6,18,2
2021/11/10,1,0,7,18,3
2021/11/10,4,0,11,18,4
2021/11/10,0,6,5,18,5
2021/11/10,3,0,3,19,1
2021/11/10,3,0,6,19,2
2021/11/10,1,1,6,19,3
2021/11/10,20,0,26,19,4
2021/11/10,0,24,2,19,5
2021/11/10,0,0,0,20,1
2021/11/10,1,0,1,20,2
2021/11/10,0,0,1,20,3
2021/11/10,3,0,4,20,4
2021/11/10,0,4,0,20,5
2021/11/10,2,0,2,21,1
2021/11/10,2,0,4,21,2
2021/11/10,0,0,4,21,3
2021/11/10,6,0,10,21,4
2021/11/10,0,6,4,21,5
2021/11/10,0,0,0,22,1
2021/11/10,0,0,0,22,2
2021/11/10,1,0,1,22,3
2021/11/10,2,0,3,22,4
2021/11/10,0,2,1,22,5
2021/11/10,3,0,3,23,1
2021/11/10,0,0,3,23,2
2021/11/10,0,0,3,23,3
2021/11/10,0,0,3,23,4
2021/11/10,0,2,1,23,5
2021/11/10,2,0,2,24,1
2021/11/10,3,0,5,24,2
2021/11/10,0,0,5,24,3
2021/11/10,5,0,10,24,4
2021/11/10,0,6,4,24,5
2021/11/10,0,0,0,25,1
2021/11/10,0,0,0,25,2
2021/11/10,0,0,0,25,3
2021/11/10,1,0,1,25,4
2021/11/10,0,1,0,25,5
2021/11/10,2,0,2,26,1
2021/11/10,0,0,2,26,2
2021/11/10,0,0,2,26,3
2021/11/10,0,0,2,26,4
2021/11/10,0,0,2,26,5
2021/11/11,0,0,0,1,1
2021/11/11,3,0,3,1,2
2021/11/11,0,0,3,1,3
2021/11/11,4,0,7,1,4
2021/11/11,0,5,2,1,5
2021/11/11,0,0,0,2,1
2021/11/11,6,0,6,2,2
2021/11/11,1,0,7,2,3
2021/11/11,2,0,9,2,4
2021/11/11,0,7,2,2,5
2021/11/11,1,0,1,3,1
2021/11/11,9,0,10,3,2
2021/11/11,3,0,13,3,3
2021/11/11,6,0,19,3,4
2021/11/11,0,16,3,3,5
2021/11/11,0,0,0,4,1
2021/11/11,13,0,13,4,2
2021/11/11,8,0,21,4,3
2021/11/11,7,0,28,4,4
2021/11/11,0,24,4,4,5
2021/11/11,1,0,1,5,1
2021/11/11,3,0,4,5,2
2021/11/11,3,0,7,5,3
2021/11/11,4,0,11,5,4
2021/11/11,0,11,0,5,5
2021/11/11,0,0,0,6,1
2021/11/11,2,0,2,6,2
2021/11/11,3,0,5,6,3
2021/11/11,7,0,12,6,4
2021/11/11,0,10,2,6,5
2021/11/11,1,0,1,7,1
2021/11/11,5,0,6,7,2
2021/11/11,0,0,6,7,3
2021/11/11,5,0,11,7,4
2021/11/11,0,9,2,7,5
2021/11/11,1,0,1,8,1
2021/11/11,2,0,3,8,2
2021/11/11,0,0,3,8,3
2021/11/11,7,0,10,8,4
2021/11/11,0,8,2,8,5
2021/11/11,0,0,0,9,1
2021/11/11,2,0,2,9,2
2021/11/11,3,0,5,9,3
2021/11/11,4,0,9,9,4
2021/11/11,0,9,0,9,5
2021/11/11,1,0,1,10,1
2021/11/11,9,0,10,10,2
2021/11/11,3,0,13,10,3
2021/11/11,5,0,18,10,4
2021/11/11,0,18,0,10,5
2021/11/11,2,0,2,11,1
2021/11/11,8,0,10,11,2
2021/11/11,2,0,12,11,3
2021/11/11,10,0,22,11,4
2021/11/11,0,17,5,11,5
2021/11/11,1,0,1,12,1
2021/11/11,1,0,2,12,2
2021/11/11,2,0,4,12,3
2021/11/11,7,1,10,12,4
2021/11/11,0,9,1,12,5
2021/11/11,0,0,0,13,1
2021/11/11,5,0,5,13,2
2021/11/11,1,0,6,13,3
2021/11/11,5,0,11,13,4
2021/11/11,0,8,3,13,5
2021/11/11,3,0,3,14,1
2021/11/11,0,0,3,14,2
2021/11/11,0,0,3,14,3
2021/11/11,4,0,7,14,4
2021/11/11,2,7,2,14,5
2021/11/11,1,0,1,15,1
2021/11/11,3,0,4,15,2
2021/11/11,0,0,4,15,3
2021/11/11,14,0,18,15,4
2021/11/11,0,10,8,15,5
2021/11/11,1,0,1,16,1
2021/11/11,6,0,7,16,2
2021/11/11,1,0,8,16,3
2021/11/11,2,0,10,16,4
2021/11/11,0,9,1,16,5
2021/11/11,7,0,7,17,1
2021/11/11,0,0,7,17,2
2021/11/11,1,0,8,17,3
2021/11/11,6,0,14,17,4
2021/11/11,0,8,6,17,5
2021/11/11,4,0,4,18,1
2021/11/11,3,0,7,18,2
2021/11/11,1,0,8,18,3
2021/11/11,10,0,18,18,4
2021/11/11,0,12,6,18,5
2021/11/11,2,0,2,19,1
2021/11/11,3,0,5,19,2
2021/11/11,0,0,5,19,3
2021/11/11,13,0,18,19,4
2021/11/11,0,16,2,19,5
2021/11/11,1,0,1,20,1
2021/11/11,3,0,4,20,2
2021/11/11,0,0,4,20,3
2021/11/11,8,0,12,20,4
2021/11/11,0,10,2,20,5
2021/11/11,1,0,1,21,1
2021/11/11,1,0,2,21,2
2021/11/11,0,0,2,21,3
2021/11/11,3,0,5,21,4
2021/11/11,0,2,3,21,5
2021/11/11,0,0,0,22,1
2021/11/11,0,0,0,22,2
2021/11/11,0,0,0,22,3
2021/11/11,4,0,4,22,4
2021/11/11,0,3,1,22,5
2021/11/11,1,0,1,23,1
2021/11/11,2,0,3,23,2
2021/11/11,0,0,3,23,3
2021/11/11,1,0,4,23,4
2021/11/11,0,4,0,23,5
2021/11/11,1,0,1,24,1
2021/11/11,0,0,1,24,2
2021/11/11,0,0,1,24,3
2021/11/11,0,0,1,24,4
2021/11/11,0,0,1,24,5
2021/11/11,0,0,0,25,1
2021/11/11,0,0,0,25,2
2021/11/11,0,0,0,25,3
2021/11/11,3,0,3,25,4
2021/11/11,0,3,0,25,5
2021/11/11,3,0,3,26,1
2021/11/11,1,0,4,26,2
2021/11/11,0,0,4,26,3
2021/11/11,1,0,5,26,4
2021/11/11,0,2,3,26,5
2021/11/12,0,0,0,1,1
2021/11/12,4,0,4,1,2
2021/11/12,1,0,5,1,3
2021/11/12,8,0,13,1,4
2021/11/12,0,8,5,1,5
2021/11/12,2,0,2,2,1
2021/11/12,7,0,9,2,2
2021/11/12,0,0,9,2,3
2021/11/12,4,0,13,2,4
2021/11/12,0,11,2,2,5
2021/11/12,3,0,3,3,1
2021/11/12,15,3,15,3,2
2021/11/12,1,0,16,3,3
2021/11/12,5,0,21,3,4
2021/11/12,1,21,1,3,5
2021/11/12,5,0,5,4,1
2021/11/12,6,0,11,4,2
2021/11/12,5,0,16,4,3
2021/11/12,6,0,22,4,4
2021/11/12,0,13,9,4,5
2021/11/12,0,0,0,5,1
2021/11/12,3,0,3,5,2
2021/11/12,3,0,6,5,3
2021/11/12,3,0,9,5,4
2021/11/12,0,6,3,5,5
2021/11/12,2,0,2,6,1
2021/11/12,9,0,11,6,2
2021/11/12,2,0,13,6,3
2021/11/12,5,0,18,6,4
2021/11/12,0,16,2,6,5
2021/11/12,0,0,0,7,1
2021/11/12,2,0,2,7,2
2021/11/12,1,0,3,7,3
2021/11/12,3,0,6,7,4
2021/11/12,0,5,1,7,5
2021/11/12,2,0,2,8,1
2021/11/12,3,0,5,8,2
2021/11/12,2,0,7,8,3
2021/11/12,8,0,15,8,4
2021/11/12,0,13,2,8,5
2021/11/12,1,0,1,9,1
2021/11/12,6,0,7,9,2
2021/11/12,1,0,8,9,3
2021/11/12,8,0,16,9,4
2021/11/12,0,14,2,9,5
2021/11/12,2,0,2,10,1
2021/11/12,3,0,5,10,2
2021/11/12,3,0,8,10,3
2021/11/12,9,1,16,10,4
2021/11/12,0,10,6,10,5
2021/11/12,4,0,4,11,1
2021/11/12,1,0,5,11,2
2021/11/12,1,0,6,11,3
2021/11/12,4,0,10,11,4
2021/11/12,0,7,3,11,5
2021/11/12,0,0,0,12,1
2021/11/12,6,0,6,12,2
2021/11/12,0,0,6,12,3
2021/11/12,3,0,9,12,4
2021/11/12,0,9,0,12,5
2021/11/12,0,0,0,13,1
2021/11/12,3,0,3,13,2
2021/11/12,0,0,3,13,3
2021/11/12,4,0,7,13,4
2021/11/12,0,6,1,13,5
2021/11/12,2,0,2,14,1
2021/11/12,1,0,3,14,2
2021/11/12,1,0,4,14,3
2021/11/12,4,0,8,14,4
2021/11/12,0,6,2,14,5
2021/11/12,1,0,1,15,1
2021/11/12,2,0,3,15,2
2021/11/12,2,0,5,15,3
2021/11/12,8,0,13,15,4
2021/11/12,0,12,1,15,5
2021/11/12,1,0,1,16,1
2021/11/12,2,0,3,16,2
2021/11/12,1,0,4,16,3
2021/11/12,5,0,9,16,4
2021/11/12,0,8,1,16,5
2021/11/12,3,0,3,17,1
2021/11/12,0,0,3,17,2
2021/11/12,0,0,3,17,3
2021/11/12,7,0,10,17,4
2021/11/12,0,9,1,17,5
2021/11/12,6,0,6,18,1
2021/11/12,4,0,10,18,2
2021/11/12,3,0,13,18,3
2021/11/12,9,0,22,18,4
2021/11/12,0,15,7,18,5
2021/11/12,0,0,0,19,1
2021/11/12,5,0,5,19,2
2021/11/12,0,0,5,19,3
2021/11/12,8,0,13,19,4
2021/11/12,0,9,4,19,5
2021/11/12,2,0,2,20,1
2021/11/12,2,0,4,20,2
2021/11/12,0,0,4,20,3
2021/11/12,5,0,9,20,4
2021/11/12,0,9,0,20,5
2021/11/12,2,0,2,21,1
2021/11/12,0,0,2,21,2
2021/11/12,0,0,2,21,3
2021/11/12,5,0,7,21,4
2021/11/12,0,4,3,21,5
2021/11/12,0,0,0,22,1
2021/11/12,0,0,0,22,2
2021/11/12,0,0,0,22,3
2021/11/12,2,0,2,22,4
2021/11/12,0,1,1,22,5
2021/11/12,1,0,1,23,1
2021/11/12,2,0,3,23,2
2021/11/12,0,0,3,23,3
2021/11/12,4,0,7,23,4
2021/11/12,0,7,0,23,5
2021/11/12,1,0,1,24,1
2021/11/12,2,0,3,24,2
2021/11/12,1,0,4,24,3
2021/11/12,2,0,6,24,4
2021/11/12,0,3,3,24,5
2021/11/12,0,0,0,25,1
2021/11/12,0,0,0,25,2
2021/11/12,0,0,0,25,3
2021/11/12,2,0,2,25,4
2021/11/12,0,2,0,25,5
2021/11/12,1,0,1,26,1
2021/11/12,0,0,1,26,2
2021/11/12,0,0,1,26,3
2021/11/12,0,0,1,26,4
2021/11/12,0,0,1,26,5
2021/11/13,0,0,0,1,1
2021/11/13,4,0,4,1,2
2021/11/13,2,0,6,1,3
2021/11/13,2,0,8,1,4
2021/11/13,0,2,6,1,5
2021/11/13,3,0,3,2,1
2021/11/13,4,0,7,2,2
2021/11/13,1,0,8,2,3
2021/11/13,2,0,10,2,4
2021/11/13,0,7,3,2,5
2021/11/13,1,0,1,3,1
2021/11/13,6,0,7,3,2
2021/11/13,0,0,7,3,3
2021/11/13,3,0,10,3,4
2021/11/13,0,6,4,3,5
2021/11/13,0,0,0,4,1
2021/11/13,7,0,7,4,2
2021/11/13,0,0,7,4,3
2021/11/13,4,0,11,4,4
2021/11/13,0,10,1,4,5
2021/11/13,2,0,2,5,1
2021/11/13,1,0,3,5,2
2021/11/13,1,0,4,5,3
2021/11/13,2,0,6,5,4
2021/11/13,0,2,4,5,5
2021/11/13,1,0,1,6,1
2021/11/13,5,0,6,6,2
2021/11/13,0,0,6,6,3
2021/11/13,3,0,9,6,4
2021/11/13,0,7,2,6,5
2021/11/13,2,0,2,7,1
2021/11/13,5,0,7,7,2
2021/11/13,0,0,7,7,3
2021/11/13,4,0,11,7,4
2021/11/13,0,8,3,7,5
2021/11/13,1,0,1,8,1
2021/11/13,7,0,8,8,2
2021/11/13,0,0,8,8,3
2021/11/13,9,0,17,8,4
2021/11/13,0,16,1,8,5
2021/11/13,0,0,0,9,1
2021/11/13,5,0,5,9,2
2021/11/13,0,0,5,9,3
2021/11/13,14,1,18,9,4
2021/11/13,0,15,3,9,5
2021/11/13,5,0,5,10,1
2021/11/13,3,0,8,10,2
2021/11/13,2,0,10,10,3
2021/11/13,14,0,24,10,4
2021/11/13,0,18,6,10,5
2021/11/13,0,0,0,11,1
2021/11/13,5,0,5,11,2
2021/11/13,1,0,6,11,3
2021/11/13,12,0,18,11,4
2021/11/13,0,14,4,11,5
2021/11/13,1,0,1,12,1
2021/11/13,1,0,2,12,2
2021/11/13,2,0,4,12,3
2021/11/13,6,0,10,12,4
2021/11/13,0,9,1,12,5
2021/11/13,0,0,0,13,1
2021/11/13,2,0,2,13,2
2021/11/13,2,0,4,13,3
2021/11/13,5,0,9,13,4
2021/11/13,0,8,1,13,5
2021/11/13,3,0,3,14,1
2021/11/13,2,0,5,14,2
2021/11/13,1,0,6,14,3
2021/11/13,3,0,9,14,4
2021/11/13,0,5,4,14,5
2021/11/13,2,0,2,15,1
2021/11/13,4,0,6,15,2
2021/11/13,1,0,7,15,3
2021/11/13,13,0,20,15,4
2021/11/13,0,20,0,15,5
2021/11/13,2,0,2,16,1
2021/11/13,3,0,3,16,2
2021/11/13,0,0,3,16,3
2021/11/13,5,0,8,16,4
2021/11/13,0,8,0,16,5
2021/11/13,0,0,0,17,1
2021/11/13,5,0,7,17,2
2021/11/13,0,0,7,17,3
2021/11/13,6,0,13,17,4
2021/11/13,0,11,2,17,5
2021/11/13,1,0,1,18,1
2021/11/13,3,0,4,18,2
2021/11/13,1,0,5,18,3
2021/11/13,2,0,7,18,4
2021/11/13,0,7,0,18,5
2021/11/13,0,0,0,19,1
2021/11/13,3,1,2,19,2
2021/11/13,0,0,2,19,3
2021/11/13,2,0,4,19,4
2021/11/13,0,4,0,19,5
2021/11/13,1,0,1,20,1
2021/11/13,0,0,1,20,2
2021/11/13,0,0,1,20,3
2021/11/13,0,0,1,20,4
2021/11/13,0,0,1,20,5
2021/11/13,3,0,3,21,1
2021/11/13,0,0,3,21,2
2021/11/13,0,0,3,21,3
2021/11/13,4,0,7,21,4
2021/11/13,0,3,4,21,5
2021/11/13,0,0,0,22,1
2021/11/13,0,0,0,22,2
2021/11/13,0,0,0,22,3
2021/11/13,0,0,0,22,4
2021/11/13,0,0,0,22,5
2021/11/13,1,0,1,23,1
2021/11/13,3,0,4,23,2
2021/11/13,0,0,4,23,3
2021/11/13,2,0,6,23,4
2021/11/13,0,5,1,23,5
2021/11/13,1,0,1,24,1
2021/11/13,1,0,2,24,2
2021/11/13,2,0,4,24,3
2021/11/13,8,0,12,24,4
2021/11/13,0,9,3,24,5
2021/11/13,0,0,0,25,1
2021/11/13,0,0,0,25,2
2021/11/13,0,0,0,25,3
2021/11/13,1,0,1,25,4
2021/11/13,0,1,0,25,5
2021/11/13,1,0,1,26,1
2021/11/13,0,0,1,26,2
2021/11/13,0,0,1,26,3
2021/11/13,1,0,2,26,4
2021/11/13,0,0,2,26,5
2021/11/14,0,0,0,1,1
2021/11/14,0,0,0,1,2
2021/11/14,0,0,0,1,3
2021/11/14,0,0,0,1,4
2021/11/14,0,1,-1,1,5
2021/11/14,2,0,2,2,1
2021/11/14,6,0,8,2,2
2021/11/14,0,0,8,2,3
2021/11/14,1,0,9,2,4
2021/11/14,0,5,4,2,5
2021/11/14,2,0,2,3,1
2021/11/14,1,0,3,3,2
2021/11/14,2,0,5,3,3
2021/11/14,2,0,7,3,4
2021/11/14,0,4,3,3,5
2021/11/14,1,0,1,4,1
2021/11/14,2,0,3,4,2
2021/11/14,1,0,4,4,3
2021/11/14,2,0,6,4,4
2021/11/14,0,5,1,4,5
2021/11/14,2,0,2,5,1
2021/11/14,3,0,5,5,2
2021/11/14,1,0,6,5,3
2021/11/14,6,0,12,5,4
2021/11/14,0,7,5,5,5
2021/11/14,3,0,3,6,1
2021/11/14,4,0,7,6,2
2021/11/14,2,0,9,6,3
2021/11/14,6,0,15,6,4
2021/11/14,5,15,5,6,5
2021/11/14,0,0,0,7,1
2021/11/14,5,0,5,7,2
2021/11/14,4,0,9,7,3
2021/11/14,4,0,13,7,4
2021/11/14,0,8,5,7,5
2021/11/14,2,0,2,8,1
2021/11/14,6,0,8,8,2
2021/11/14,1,0,9,8,3
2021/11/14,6,0,15,8,4
2021/11/14,0,13,2,8,5
2021/11/14,1,0,1,9,1
2021/11/14,2,0,3,9,2
2021/11/14,0,0,3,9,3
2021/11/14,7,0,10,9,4
2021/11/14,1,9,2,9,5
2021/11/14,1,0,1,10,1
2021/11/14,7,0,8,10,2
2021/11/14,1,0,9,10,3
2021/11/14,10,0,19,10,4
2021/11/14,0,16,3,10,5
2021/11/14,2,0,2,11,1
2021/11/14,3,0,5,11,2
2021/11/14,0,0,5,11,3
2021/11/14,7,0,12,11,4
2021/11/14,0,9,3,11,5
2021/11/14,0,0,0,12,1
2021/11/14,2,0,2,12,2
2021/11/14,1,0,3,12,3
2021/11/14,4,0,7,12,4
2021/11/14,0,7,0,12,5
2021/11/14,1,0,1,13,1
2021/11/14,2,0,3,13,2
2021/11/14,5,0,8,13,3
2021/11/14,4,0,12,13,4
2021/11/14,0,5,7,13,5
2021/11/14,0,0,0,14,1
2021/11/14,2,0,2,14,2
2021/11/14,0,0,2,14,3
2021/11/14,2,0,4,14,4
2021/11/14,0,4,0,14,5
2021/11/14,1,0,1,15,1
2021/11/14,1,0,2,15,2
2021/11/14,2,0,4,15,3
2021/11/14,6,0,10,15,4
2021/11/14,0,7,3,15,5
2021/11/14,0,0,0,16,1
2021/11/14,0,0,0,16,2
2021/11/14,1,0,1,16,3
2021/11/14,3,0,4,16,4
2021/11/14,0,4,0,16,5
2021/11/14,2,0,2,17,1
2021/11/14,2,0,4,17,2
2021/11/14,0,0,4,17,3
2021/11/14,6,0,10,17,4
2021/11/14,0,9,1,17,5
2021/11/14,0,0,0,18,1
2021/11/14,1,0,1,18,2
2021/11/14,0,0,1,18,3
2021/11/14,1,0,2,18,4
2021/11/14,0,2,0,18,5
2021/11/14,4,0,4,19,1
2021/11/14,0,0,4,19,2
2021/11/14,0,0,4,19,3
2021/11/14,5,0,9,19,4
2021/11/14,0,9,0,19,5
2021/11/14,1,0,1,20,1
2021/11/14,1,0,2,20,2
2021/11/14,0,0,2,20,3
2021/11/14,0,0,2,20,4
2021/11/14,0,1,1,20,5
2021/11/14,2,0,2,21,1
2021/11/14,3,0,5,21,2
2021/11/14,0,0,5,21,3
2021/11/14,1,0,6,21,4
2021/11/14,0,0,6,21,5
2021/11/14,0,0,0,22,1
2021/11/14,0,0,0,22,2
2021/11/14,0,0,0,22,3
2021/11/14,4,0,4,22,4
2021/11/14,0,2,2,22,5
2021/11/14,1,0,1,23,1
2021/11/14,0,0,1,23,2
2021/11/14,0,0,1,23,3
2021/11/14,1,0,2,23,4
2021/11/14,0,0,2,23,5
2021/11/14,0,0,0,24,1
2021/11/14,0,0,0,24,2
2021/11/14,0,0,0,24,3
2021/11/14,1,0,1,24,4
2021/11/14,0,1,0,24,5
2021/11/14,0,0,0,25,1
2021/11/14,0,0,0,25,2
2021/11/14,0,0,0,25,3
2021/11/14,2,0,2,25,4
2021/11/14,0,1,1,25,5
2021/11/14,3,0,3,26,1
2021/11/14,0,0,3,26,2
2021/11/14,0,0,3,26,3
2021/11/14,0,0,3,26,4
2021/11/14,0,0,3,26,5
2021/11/15,2,0,2,1,1
2021/11/15,3,0,5,1,2
2021/11/15,2,0,7,1,3
2021/11/15,7,0,14,1,4
2021/11/15,0,7,7,1,5
2021/11/15,1,0,1,2,1
2021/11/15,5,0,6,2,2
2021/11/15,1,0,7,2,3
2021/11/15,1,0,8,2,4
2021/11/15,1,8,1,2,5
2021/11/15,2,0,2,3,1
2021/11/15,10,0,12,3,2
2021/11/15,3,0,15,3,3
2021/11/15,3,0,18,3,4
2021/11/15,0,15,3,3,5
2021/11/15,1,0,1,4,1
2021/11/15,6,0,7,4,2
2021/11/15,9,0,16,4,3
2021/11/15,9,0,25,4,4
2021/11/15,1,23,3,4,5
2021/11/15,1,0,1,5,1
2021/11/15,2,0,3,5,2
2021/11/15,4,0,7,5,3
2021/11/15,5,0,12,5,4
2021/11/15,0,7,5,5,5
2021/11/15,0,0,0,6,1
2021/11/15,4,0,4,6,2
2021/11/15,3,0,7,6,3
2021/11/15,11,0,18,6,4
2021/11/15,0,13,5,6,5
2021/11/15,0,0,0,7,1
2021/11/15,4,0,4,7,2
2021/11/15,3,0,7,7,3
2021/11/15,11,0,18,7,4
2021/11/15,0,15,3,7,5
2021/11/15,0,0,0,8,1
2021/11/15,3,0,3,8,2
2021/11/15,2,0,5,8,3
2021/11/15,4,0,9,8,4
2021/11/15,0,8,1,8,5
2021/11/15,0,0,0,9,1
2021/11/15,2,0,2,9,2
2021/11/15,0,0,2,9,3
2021/11/15,3,0,5,9,4
2021/11/15,0,5,0,9,5
2021/11/15,0,0,0,10,1
2021/11/15,3,0,3,10,2
2021/11/15,2,0,5,10,3
2021/11/15,7,0,12,10,4
2021/11/15,0,11,1,10,5
2021/11/15,2,0,2,11,1
2021/11/15,6,0,8,11,2
2021/11/15,1,0,9,11,3
2021/11/15,10,1,18,11,4
2021/11/15,0,16,2,11,5
2021/11/15,0,0,0,12,1
2021/11/15,1,0,1,12,2
2021/11/15,2,0,3,12,3
2021/11/15,7,0,10,12,4
2021/11/15,0,8,2,12,5
2021/11/15,2,0,2,13,1
2021/11/15,1,0,3,13,2
2021/11/15,1,0,4,13,3
2021/11/15,2,0,6,13,4
2021/11/15,0,5,1,13,5
2021/11/15,3,0,3,14,1
2021/11/15,3,0,6,14,2
2021/11/15,0,0,6,14,3
2021/11/15,2,0,8,14,4
2021/11/15,0,5,3,14,5
2021/11/15,2,0,2,15,1
2021/11/15,2,0,4,15,2
2021/11/15,4,0,8,15,3
2021/11/15,9,0,17,15,4
2021/11/15,0,11,6,15,5
2021/11/15,1,0,1,16,1
2021/11/15,3,0,4,16,2
2021/11/15,0,0,4,16,3
2021/11/15,3,0,7,16,4
2021/11/15,0,8,-1,16,5
2021/11/15,5,0,5,17,1
2021/11/15,4,0,9,17,2
2021/11/15,0,0,9,17,3
2021/11/15,6,0,15,17,4
2021/11/15,0,12,3,17,5
2021/11/15,0,0,0,18,1
2021/11/15,2,0,2,18,2
2021/11/15,0,0,2,18,3
2021/11/15,5,0,7,18,4
2021/11/15,0,6,1,18,5
2021/11/15,0,0,0,19,1
2021/11/15,2,0,2,19,2
2021/11/15,0,0,2,19,3
2021/11/15,14,0,16,19,4
2021/11/15,0,15,1,19,5
2021/11/15,1,0,1,20,1
2021/11/15,0,0,1,20,2
2021/11/15,0,0,1,20,3
2021/11/15,4,0,5,20,4
2021/11/15,0,2,3,20,5
2021/11/15,1,0,1,21,1
2021/11/15,3,0,4,21,2
2021/11/15,0,0,4,21,3
2021/11/15,1,0,5,21,4
2021/11/15,0,3,2,21,5
2021/11/15,0,0,0,22,1
2021/11/15,0,0,0,22,2
2021/11/15,0,0,0,22,3
2021/11/15,0,0,0,22,4
2021/11/15,0,0,0,22,5
2021/11/15,1,0,1,23,1
2021/11/15,0,0,1,23,2
2021/11/15,0,0,1,23,3
2021/11/15,2,0,3,23,4
2021/11/15,0,3,0,23,5
2021/11/15,1,0,1,24,1
2021/11/15,0,0,1,24,2
2021/11/15,0,0,1,24,3
2021/11/15,1,0,2,24,4
2021/11/15,0,1,1,24,5
2021/11/15,0,0,0,25,1
2021/11/15,0,0,0,25,2
2021/11/15,0,0,0,25,3
2021/11/15,0,0,0,25,4
2021/11/15,0,0,0,25,5
2021/11/15,1,0,1,26,1
2021/11/15,0,0,1,26,2
2021/11/15,0,0,1,26,3
2021/11/15,5,0,6,26,4
2021/11/15,0,4,2,26,5
2021/11/16,0,0,0,1,1
2021/11/16,2,0,2,1,2
2021/11/16,1,0,3,1,3
2021/11/16,1,0,4,1,4
2021/11/16,0,3,1,1,5
2021/11/16,0,0,0,2,1
2021/11/16,10,0,10,2,2
2021/11/16,0,0,10,2,3
2021/11/16,3,0,13,2,4
2021/11/16,0,8,5,2,5
2021/11/16,0,0,0,3,1
2021/11/16,12,0,12,3,2
2021/11/16,4,0,16,3,3
2021/11/16,6,0,22,3,4
2021/11/16,0,18,4,3,5
2021/11/16,2,0,2,4,1
2021/11/16,5,0,7,4,2
2021/11/16,5,0,12,4,3
2021/11/16,6,0,18,4,4
2021/11/16,1,16,3,4,5
2021/11/16,1,0,1,5,1
2021/11/16,8,0,9,5,2
2021/11/16,3,0,12,5,3
2021/11/16,3,0,15,5,4
2021/11/16,0,12,3,5,5
2021/11/16,1,0,1,6,1
2021/11/16,3,0,4,6,2
2021/11/16,6,0,10,6,3
2021/11/16,3,1,12,6,4
2021/11/16,0,12,0,6,5
2021/11/16,3,0,3,7,1
2021/11/16,1,0,4,7,2
2021/11/16,1,0,5,7,3
2021/11/16,8,0,13,7,4
2021/11/16,0,11,2,7,5
2021/11/16,2,0,2,8,1
2021/11/16,3,0,5,8,2
2021/11/16,2,0,7,8,3
2021/11/16,9,0,16,8,4
2021/11/16,0,15,1,8,5
2021/11/16,1,0,1,9,1
2021/11/16,1,2,0,9,2
2021/11/16,3,0,3,9,3
2021/11/16,1,1,3,9,4
2021/11/16,1,5,-1,9,5
2021/11/16,1,0,1,10,1
2021/11/16,2,0,3,10,2
2021/11/16,0,0,3,10,3
2021/11/16,7,0,10,10,4
2021/11/16,0,5,5,10,5
2021/11/16,0,0,0,11,1
2021/11/16,4,0,4,11,2
2021/11/16,0,0,4,11,3
2021/11/16,5,0,9,11,4
2021/11/16,0,6,3,11,5
2021/11/16,0,0,0,12,1
2021/11/16,1,0,1,12,2
2021/11/16,1,0,2,12,3
2021/11/16,4,0,6,12,4
2021/11/16,0,4,2,12,5
2021/11/16,2,0,2,13,1
2021/11/16,1,0,3,13,2
2021/11/16,1,0,4,13,3
2021/11/16,1,1,4,13,4
2021/11/16,0,4,0,13,5
2021/11/16,1,0,1,14,1
2021/11/16,6,0,7,14,2
2021/11/16,2,0,9,14,3
2021/11/16,3,0,12,14,4
2021/11/16,0,7,5,14,5
2021/11/16,1,0,1,15,1
2021/11/16,4,0,5,15,2
2021/11/16,0,0,5,15,3
2021/11/16,9,0,14,15,4
2021/11/16,0,13,1,15,5
2021/11/16,1,0,1,16,1
2021/11/16,1,0,2,16,2
2021/11/16,1,0,3,16,3
2021/11/16,9,0,12,16,4
2021/11/16,0,10,2,16,5
2021/11/16,3,0,3,17,1
2021/11/16,1,0,4,17,2
2021/11/16,0,0,4,17,3
2021/11/16,5,0,9,17,4
2021/11/16,0,8,1,17,5
2021/11/16,0,0,0,18,1
2021/11/16,0,0,0,18,2
2021/11/16,0,0,0,18,3
2021/11/16,3,0,3,18,4
2021/11/16,1,2,2,18,5
2021/11/16,2,0,2,19,1
2021/11/16,1,0,3,19,2
2021/11/16,1,0,4,19,3
2021/11/16,12,0,16,19,4
2021/11/16,0,12,4,19,5
2021/11/16,1,0,1,20,1
2021/11/16,0,0,1,20,2
2021/11/16,0,0,1,20,3
2021/11/16,6,0,7,20,4
2021/11/16,0,7,0,20,5
2021/11/16,3,0,3,21,1
2021/11/16,2,0,5,21,2
2021/11/16,0,0,5,21,3
2021/11/16,4,0,9,21,4
2021/11/16,0,4,5,21,5
2021/11/16,0,0,0,22,1
2021/11/16,1,0,1,22,2
2021/11/16,0,0,1,22,3
2021/11/16,2,0,3,22,4
2021/11/16,0,2,1,22,5
2021/11/16,2,0,2,23,1
2021/11/16,0,0,2,23,2
2021/11/16,0,0,2,23,3
2021/11/16,3,0,5,23,4
2021/11/16,0,5,0,23,5
2021/11/16,1,0,1,24,1
2021/11/16,1,0,2,24,2
2021/11/16,0,0,2,24,3
2021/11/16,0,0,2,24,4
2021/11/16,0,1,1,24,5
2021/11/16,0,0,0,25,1
2021/11/16,0,0,0,25,2
2021/11/16,0,0,0,25,3
2021/11/16,2,0,2,25,4
2021/11/16,0,2,0,25,5
2021/11/16,1,0,1,26,1
2021/11/16,0,0,1,26,2
2021/11/16,0,0,1,26,3
2021/11/16,0,0,1,26,4
2021/11/16,0,0,1,26,5
2021/11/17,0,0,0,1,1
2021/11/17,2,0,2,1,2
2021/11/17,1,0,3,1,3
2021/11/17,1,0,4,1,4
2021/11/17,0,3,1,1,5
2021/11/17,2,0,2,2,1
2021/11/17,10,0,12,2,2
2021/11/17,0,0,12,2,3
2021/11/17,5,0,17,2,4
2021/11/17,1,11,7,2,5
2021/11/17,1,0,1,3,1
2021/11/17,11,3,9,3,2
2021/11/17,4,0,13,3,3
2021/11/17,3,0,16,3,4
2021/11/17,1,15,2,3,5
2021/11/17,0,0,0,4,1
2021/11/17,3,0,3,4,2
2021/11/17,7,0,10,4,3
2021/11/17,7,0,17,4,4
2021/11/17,0,12,5,4,5
2021/11/17,2,0,2,5,1
2021/11/17,5,0,7,5,2
2021/11/17,4,0,11,5,3
2021/11/17,2,0,13,5,4
2021/11/17,0,10,3,5,5
2021/11/17,0,0,0,6,1
2021/11/17,2,0,2,6,2
2021/11/17,2,0,4,6,3
2021/11/17,8,0,12,6,4
2021/11/17,0,14,-2,6,5
2021/11/17,2,0,2,7,1
2021/11/17,4,0,6,7,2
2021/11/17,2,0,8,7,3
2021/11/17,5,0,13,7,4
2021/11/17,1,12,2,7,5
2021/11/17,2,0,2,8,1
2021/11/17,4,0,6,8,2
2021/11/17,5,0,11,8,3
2021/11/17,3,0,14,8,4
2021/11/17,0,14,0,8,5
2021/11/17,1,0,1,9,1
2021/11/17,4,0,5,9,2
2021/11/17,1,0,6,9,3
2021/11/17,4,1,9,9,4
2021/11/17,0,9,0,9,5
2021/11/17,3,0,3,10,1
2021/11/17,3,0,6,10,2
2021/11/17,1,0,7,10,3
2021/11/17,7,0,14,10,4
2021/11/17,0,13,1,10,5
2021/11/17,0,0,0,11,1
2021/11/17,3,0,3,11,2
2021/11/17,1,0,4,11,3
2021/11/17,2,0,6,11,4
2021/11/17,0,5,1,11,5
2021/11/17,1,0,1,12,1
2021/11/17,3,0,4,12,2
2021/11/17,0,0,4,12,3
2021/11/17,4,0,8,12,4
2021/11/17,0,5,3,12,5
2021/11/17,1,0,1,13,1
2021/11/17,0,0,1,13,2
2021/11/17,2,0,3,13,3
2021/11/17,2,0,5,13,4
2021/11/17,0,3,2,13,5
2021/11/17,0,0,0,14,1
2021/11/17,3,0,3,14,2
2021/11/17,0,0,3,14,3
2021/11/17,3,0,6,14,4
2021/11/17,0,5,1,14,5
2021/11/17,1,0,1,15,1
2021/11/17,5,0,6,15,2
2021/11/17,3,0,9,15,3
2021/11/17,7,0,16,15,4
2021/11/17,2,12,6,15,5
2021/11/17,2,0,2,16,1
2021/11/17,1,0,3,16,2
2021/11/17,0,0,3,16,3
2021/11/17,5,0,8,16,4
2021/11/17,0,7,1,16,5
2021/11/17,3,0,3,17,1
2021/11/17,0,0,3,17,2
2021/11/17,0,0,3,17,3
2021/11/17,7,0,10,17,4
2021/11/17,0,7,3,17,5
2021/11/17,2,0,2,18,1
2021/11/17,0,0,2,18,2
2021/11/17,3,0,5,18,3
2021/11/17,8,0,13,18,4
2021/11/17,0,6,7,18,5
2021/11/17,2,0,2,19,1
2021/11/17,0,0,2,19,2
2021/11/17,0,0,2,19,3
2021/11/17,9,0,11,19,4
2021/11/17,0,9,2,19,5
2021/11/17,0,0,0,20,1
2021/11/17,1,0,1,20,2
2021/11/17,0,0,1,20,3
2021/11/17,5,0,6,20,4
2021/11/17,0,7,-1,20,5
2021/11/17,2,0,2,21,1
2021/11/17,2,0,4,21,2
2021/11/17,0,0,4,21,3
2021/11/17,9,0,13,21,4
2021/11/17,0,12,1,21,5
2021/11/17,1,0,1,22,1
2021/11/17,1,0,2,22,2
2021/11/17,0,0,2,22,3
2021/11/17,1,0,3,22,4
2021/11/17,0,2,1,22,5
2021/11/17,0,0,0,23,1
2021/11/17,0,0,0,23,2
2021/11/17,0,0,0,23,3
2021/11/17,1,0,1,23,4
2021/11/17,0,1,0,23,5
2021/11/17,3,0,3,24,1
2021/11/17,1,0,4,24,2
2021/11/17,0,0,4,24,3
2021/11/17,0,0,4,24,4
2021/11/17,0,1,3,24,5
2021/11/17,0,0,0,25,1
2021/11/17,2,0,2,25,2
2021/11/17,0,0,2,25,3
2021/11/17,0,0,2,25,4
2021/11/17,0,3,-1,25,5
2021/11/17,1,0,1,26,1
2021/11/17,0,0,1,26,2
2021/11/17,0,0,1,26,3
2021/11/17,0,0,1,26,4
2021/11/17,0,0,1,26,5
2021/11/18,0,0,0,1,1
2021/11/18,3,0,3,1,2
2021/11/18,0,0,3,1,3
2021/11/18,6,0,9,1,4
2021/11/18,0,7,2,1,5
2021/11/18,1,0,1,2,1
2021/11/18,4,0,5,2,2
2021/11/18,1,0,6,2,3
2021/11/18,3,0,9,2,4
2021/11/18,0,7,2,2,5
2021/11/18,2,0,2,3,1
2021/11/18,9,0,11,3,2
2021/11/18,5,0,16,3,3
2021/11/18,4,0,20,3,4
2021/11/18,0,18,2,3,5
2021/11/18,2,0,2,4,1
2021/11/18,6,0,8,4,2
2021/11/18,4,0,12,4,3
2021/11/18,7,0,19,4,4
2021/11/18,0,14,5,4,5
2021/11/18,2,0,2,5,1
2021/11/18,4,0,6,5,2
2021/11/18,2,0,8,5,3
2021/11/18,4,0,12,5,4
2021/11/18,0,10,2,5,5
2021/11/18,0,0,0,6,1
2021/11/18,2,0,2,6,2
2021/11/18,2,0,4,6,3
2021/11/18,0,0,4,6,4
2021/11/18,0,3,1,6,5
2021/11/18,0,0,0,7,1
2021/11/18,2,0,2,7,2
2021/11/18,2,0,4,7,3
2021/11/18,8,0,12,7,4
2021/11/18,1,12,1,7,5
2021/11/18,2,0,2,8,1
2021/11/18,2,0,4,8,2
2021/11/18,0,0,4,8,3
2021/11/18,7,0,11,8,4
2021/11/18,0,7,4,8,5
2021/11/18,0,0,0,9,1
2021/11/18,4,0,4,9,2
2021/11/18,2,0,6,9,3
2021/11/18,12,0,18,9,4
2021/11/18,0,17,1,9,5
2021/11/18,4,0,4,10,1
2021/11/18,5,0,9,10,2
2021/11/18,0,0,9,10,3
2021/11/18,4,0,13,10,4
2021/11/18,0,7,6,10,5
2021/11/18,2,0,2,11,1
2021/11/18,3,0,5,11,2
2021/11/18,3,0,8,11,3
2021/11/18,8,0,16,11,4
2021/11/18,0,15,1,11,5
2021/11/18,1,0,1,12,1
2021/11/18,0,0,1,12,2
2021/11/18,0,0,1,12,3
2021/11/18,4,0,5,12,4
2021/11/18,0,4,1,12,5
2021/11/18,1,0,1,13,1
2021/11/18,3,0,4,13,2
2021/11/18,0,0,4,13,3
2021/11/18,1,0,5,13,4
2021/11/18,0,4,1,13,5
2021/11/18,2,0,2,14,1
2021/11/18,1,0,3,14,2
2021/11/18,0,0,3,14,3
2021/11/18,4,0,7,14,4
2021/11/18,0,5,2,14,5
2021/11/18,1,0,1,15,1
2021/11/18,0,0,1,15,2
2021/11/18,0,0,1,15,3
2021/11/18,4,0,5,15,4
2021/11/18,0,5,0,15,5
2021/11/18,3,0,3,16,1
2021/11/18,0,0,3,16,2
2021/11/18,0,0,3,16,3
2021/11/18,10,0,13,16,4
2021/11/18,0,11,2,16,5
2021/11/18,6,0,6,17,1
2021/11/18,0,0,6,17,2
2021/11/18,0,0,6,17,3
2021/11/18,6,0,12,17,4
2021/11/18,0,6,6,17,5
2021/11/18,1,0,1,18,1
2021/11/18,5,1,5,18,2
2021/11/18,3,0,8,18,3
2021/11/18,4,0,12,18,4
2021/11/18,0,7,5,18,5
2021/11/18,1,0,1,19,1
2021/11/18,2,0,3,19,2
2021/11/18,1,0,4,19,3
2021/11/18,7,0,11,19,4
2021/11/18,0,13,-2,19,5
2021/11/18,0,0,0,20,1
2021/11/18,0,0,0,20,2
2021/11/18,0,0,0,20,3
2021/11/18,5,0,5,20,4
2021/11/18,0,5,0,20,5
2021/11/18,3,0,3,21,1
2021/11/18,0,0,3,21,2
2021/11/18,0,0,3,21,3
2021/11/18,7,1,9,21,4
2021/11/18,0,4,5,21,5
2021/11/18,0,0,0,22,1
2021/11/18,0,0,0,22,2
2021/11/18,0,0,0,22,3
2021/11/18,2,0,2,22,4
2021/11/18,0,2,0,22,5
2021/11/18,1,0,1,23,1
2021/11/18,0,0,1,23,2
2021/11/18,0,0,1,23,3
2021/11/18,1,0,2,23,4
2021/11/18,0,4,-2,23,5
2021/11/18,2,0,2,24,1
2021/11/18,0,0,2,24,2
2021/11/18,0,0,2,24,3
2021/11/18,1,0,3,24,4
2021/11/18,0,1,2,24,5
2021/11/18,0,0,0,25,1
2021/11/18,0,0,0,25,2
2021/11/18,0,0,0,25,3
2021/11/18,2,0,2,25,4
2021/11/18,0,2,0,25,5
2021/11/18,1,0,1,26,1
2021/11/18,1,0,2,26,2
2021/11/18,0,0,2,26,3
2021/11/18,0,0,2,26,4
2021/11/18,0,1,1,26,5
2021/11/19,1,0,1,1,1
2021/11/19,2,0,3,1,2
2021/11/19,2,0,5,1,3
2021/11/19,4,0,9,1,4
2021/11/19,0,5,4,1,5
2021/11/19,1,0,1,2,1
2021/11/19,7,0,8,2,2
2021/11/19,1,0,9,2,3
2021/11/19,4,0,13,2,4
2021/11/19,0,10,3,2,5
2021/11/19,1,0,1,3,1
2021/11/19,13,0,14,3,2
2021/11/19,5,0,19,3,3
2021/11/19,6,0,25,3,4
2021/11/19,0,20,5,3,5
2021/11/19,0,0,0,4,1
2021/11/19,7,0,7,4,2
2021/11/19,8,0,15,4,3
2021/11/19,12,0,27,4,4
2021/11/19,0,17,10,4,5
2021/11/19,0,0,0,5,1
2021/11/19,3,0,3,5,2
2021/11/19,2,0,5,5,3
2021/11/19,0,0,5,5,4
2021/11/19,0,5,0,5,5
2021/11/19,3,0,3,6,1
2021/11/19,5,0,8,6,2
2021/11/19,0,0,8,6,3
2021/11/19,4,1,11,6,4
2021/11/19,0,4,7,6,5
2021/11/19,1,0,1,7,1
2021/11/19,0,0,1,7,2
2021/11/19,3,0,4,7,3
2021/11/19,5,0,9,7,4
2021/11/19,1,6,4,7,5
2021/11/19,2,0,2,8,1
2021/11/19,4,0,6,8,2
2021/11/19,0,0,6,8,3
2021/11/19,8,1,13,8,4
2021/11/19,0,12,1,8,5
2021/11/19,4,0,4,9,1
2021/11/19,3,0,7,9,2
2021/11/19,0,0,7,9,3
2021/11/19,6,2,11,9,4
2021/11/19,2,11,2,9,5
2021/11/19,0,0,0,10,1
2021/11/19,6,1,5,10,2
2021/11/19,2,0,7,10,3
2021/11/19,2,0,9,10,4
2021/11/19,1,9,1,10,5
2021/11/19,7,0,7,11,1
2021/11/19,4,0,11,11,2
2021/11/19,3,0,14,11,3
2021/11/19,3,0,17,11,4
2021/11/19,0,9,8,11,5
2021/11/19,0,0,0,12,1
2021/11/19,1,0,1,12,2
2021/11/19,0,0,1,12,3
2021/11/19,4,0,5,12,4
2021/11/19,1,1,5,12,5
2021/11/19,1,0,1,13,1
2021/11/19,1,0,2,13,2
2021/11/19,4,0,6,13,3
2021/11/19,1,0,7,13,4
2021/11/19,0,4,3,13,5
2021/11/19,4,0,4,14,1
2021/11/19,2,0,6,14,2
2021/11/19,1,0,7,14,3
2021/11/19,0,0,7,14,4
2021/11/19,0,7,0,14,5
2021/11/19,1,0,1,15,1
2021/11/19,2,0,3,15,2
2021/11/19,3,0,6,15,3
2021/11/19,13,0,19,15,4
2021/11/19,0,14,5,15,5
2021/11/19,1,0,1,16,1
2021/11/19,1,0,2,16,2
2021/11/19,0,0,2,16,3
2021/11/19,6,0,8,16,4
2021/11/19,0,5,3,16,5
2021/11/19,3,0,3,17,1
2021/11/19,2,0,5,17,2
2021/11/19,0,0,5,17,3
2021/11/19,6,0,11,17,4
2021/11/19,0,8,3,17,5
2021/11/19,6,0,6,18,1
2021/11/19,2,0,8,18,2
2021/11/19,1,0,9,18,3
2021/11/19,5,0,14,18,4
2021/11/19,0,8,6,18,5
2021/11/19,1,0,1,19,1
2021/11/19,5,0,6,19,2
2021/11/19,2,0,8,19,3
2021/11/19,14,0,22,19,4
2021/11/19,0,17,5,19,5
2021/11/19,1,0,1,20,1
2021/11/19,0,0,1,20,2
2021/11/19,1,0,2,20,3
2021/11/19,4,0,6,20,4
2021/11/19,0,4,2,20,5
2021/11/19,1,0,1,21,1
2021/11/19,3,0,4,21,2
2021/11/19,0,0,4,21,3
2021/11/19,11,0,15,21,4
2021/11/19,0,11,4,21,5
2021/11/19,0,0,0,22,1
2021/11/19,0,0,0,22,2
2021/11/19,0,0,0,22,3
2021/11/19,1,0,1,22,4
2021/11/19,0,1,0,22,5
2021/11/19,1,0,1,23,1
2021/11/19,1,0,2,23,2
2021/11/19,0,0,2,23,3
2021/11/19,2,0,4,23,4
2021/11/19,0,4,0,23,5
2021/11/19,2,0,2,24,1
2021/11/19,4,0,6,24,2
2021/11/19,0,0,6,24,3
2021/11/19,1,0,7,24,4
2021/11/19,0,3,4,24,5
2021/11/19,0,0,0,25,1
2021/11/19,1,0,1,25,2
2021/11/19,0,0,1,25,3
2021/11/19,0,0,1,25,4
2021/11/19,0,2,-1,25,5
2021/11/19,3,0,3,26,1
2021/11/19,0,0,3,26,2
2021/11/19,0,0,3,26,3
2021/11/19,0,0,3,26,4
2021/11/19,0,0,3,26,5
2021/11/20,0,0,0,1,1
2021/11/20,0,0,0,1,2
2021/11/20,0,0,0,1,3
2021/11/20,0,0,0,1,4
2021/11/20,1,0,1,1,5
2021/11/20,0,0,0,2,1
2021/11/20,4,0,4,2,2
2021/11/20,1,0,5,2,3
2021/11/20,7,0,12,2,4
2021/11/20,0,8,4,2,5
2021/11/20,3,0,3,3,1
2021/11/20,2,0,5,3,2
2021/11/20,1,0,6,3,3
2021/11/20,3,0,9,3,4
2021/11/20,0,6,3,3,5
2021/11/20,2,0,2,4,1
2021/11/20,6,0,8,4,2
2021/11/20,2,0,10,4,3
2021/11/20,8,0,18,4,4
2021/11/20,0,8,10,4,5
2021/11/20,1,0,1,5,1
2021/11/20,3,0,4,5,2
2021/11/20,0,0,4,5,3
2021/11/20,5,0,9,5,4
2021/11/20,0,6,3,5,5
2021/11/20,1,0,1,6,1
2021/11/20,3,0,4,6,2
2021/11/20,0,0,4,6,3
2021/11/20,9,0,13,6,4
2021/11/20,0,1,12,6,5
2021/11/20,0,0,0,7,1
2021/11/20,4,0,4,7,2
2021/11/20,3,0,7,7,3
2021/11/20,14,0,21,7,4
2021/11/20,1,18,4,7,5
2021/11/20,1,0,1,8,1
2021/11/20,8,0,9,8,2
2021/11/20,4,0,13,8,3
2021/11/20,13,0,26,8,4
2021/11/20,2,11,17,8,5
2021/11/20,0,0,0,9,1
2021/11/20,3,0,3,9,2
2021/11/20,1,0,4,9,3
2021/11/20,10,0,14,9,4
2021/11/20,0,15,-1,9,5
2021/11/20,3,0,3,10,1
2021/11/20,5,0,8,10,2
2021/11/20,1,0,9,10,3
2021/11/20,7,0,16,10,4
2021/11/20,0,11,5,10,5
2021/11/20,1,0,1,11,1
2021/11/20,4,0,5,11,2
2021/11/20,1,0,6,11,3
2021/11/20,4,0,10,11,4
2021/11/20,0,9,1,11,5
2021/11/20,0,0,0,12,1
2021/11/20,1,0,1,12,2
2021/11/20,2,0,3,12,3
2021/11/20,10,0,13,12,4
2021/11/20,1,13,1,12,5
2021/11/20,0,0,0,13,1
2021/11/20,2,0,2,13,2
2021/11/20,0,0,2,13,3
2021/11/20,4,0,6,13,4
2021/11/20,0,5,1,13,5
2021/11/20,0,0,0,14,1
2021/11/20,4,0,4,14,2
2021/11/20,0,0,4,14,3
2021/11/20,10,0,14,14,4
2021/11/20,0,9,5,14,5
2021/11/20,0,0,0,15,1
2021/11/20,3,0,3,15,2
2021/11/20,1,0,4,15,3
2021/11/20,15,0,19,15,4
2021/11/20,0,13,6,15,5
2021/11/20,2,0,2,16,1
2021/11/20,2,0,2,16,2
2021/11/20,0,0,2,16,3
2021/11/20,3,0,5,16,4
2021/11/20,0,3,2,16,5
2021/11/20,0,0,0,17,1
2021/11/20,3,0,5,17,2
2021/11/20,4,0,9,17,3
2021/11/20,4,0,13,17,4
2021/11/20,0,18,-5,17,5
2021/11/20,1,0,1,18,1
2021/11/20,3,0,4,18,2
2021/11/20,0,0,4,18,3
2021/11/20,6,0,10,18,4
2021/11/20,0,9,1,18,5
2021/11/20,1,0,1,19,1
2021/11/20,3,0,4,19,2
2021/11/20,3,0,7,19,3
2021/11/20,10,0,17,19,4
2021/11/20,0,16,1,19,5
2021/11/20,0,0,0,20,1
2021/11/20,0,0,0,20,2
2021/11/20,0,0,0,20,3
2021/11/20,2,0,2,20,4
2021/11/20,0,2,0,20,5
2021/11/20,2,0,2,21,1
2021/11/20,0,0,2,21,2
2021/11/20,1,0,3,21,3
2021/11/20,4,0,7,21,4
2021/11/20,0,3,4,21,5
2021/11/20,1,0,1,22,1
2021/11/20,2,0,3,22,2
2021/11/20,0,0,3,22,3
2021/11/20,0,0,3,22,4
2021/11/20,0,2,1,22,5
2021/11/20,0,0,0,23,1
2021/11/20,0,0,0,23,2
2021/11/20,0,0,0,23,3
2021/11/20,0,0,0,23,4
2021/11/20,0,1,-1,23,5
2021/11/20,3,0,3,24,1
2021/11/20,0,0,3,24,2
2021/11/20,0,0,3,24,3
2021/11/20,2,0,5,24,4
2021/11/20,0,3,2,24,5
2021/11/20,0,0,0,25,1
2021/11/20,0,0,0,25,2
2021/11/20,0,0,0,25,3
2021/11/20,0,0,0,25,4
2021/11/20,0,0,0,25,5
2021/11/20,0,0,0,26,1
2021/11/20,0,0,0,26,2
2021/11/20,0,0,0,26,3
2021/11/20,0,0,0,26,4
2021/11/20,0,0,0,26,5
2021/11/21,1,0,1,1,1
2021/11/21,2,0,3,1,2
2021/11/21,0,0,3,1,3
2021/11/21,2,0,5,1,4
2021/11/21,0,4,1,1,5
2021/11/21,2,0,2,2,1
2021/11/21,1,0,3,2,2
2021/11/21,0,0,3,2,3
2021/11/21,2,1,4,2,4
2021/11/21,0,2,2,2,5
2021/11/21,1,0,1,3,1
2021/11/21,2,1,2,3,2
2021/11/21,1,0,3,3,3
2021/11/21,1,0,4,3,4
2021/11/21,0,2,2,3,5
2021/11/21,0,0,0,4,1
2021/11/21,5,0,5,4,2
2021/11/21,1,0,6,4,3
2021/11/21,4,0,10,4,4
2021/11/21,1,8,3,4,5
2021/11/21,0,0,0,5,1
2021/11/21,1,0,1,5,2
2021/11/21,0,0,1,5,3
2021/11/21,2,0,3,5,4
2021/11/21,0,2,1,5,5
2021/11/21,0,0,0,6,1
2021/11/21,2,1,1,6,2
2021/11/21,2,0,3,6,3
2021/11/21,12,0,15,6,4
2021/11/21,0,11,4,6,5
2021/11/21,2,0,2,7,1
2021/11/21,7,0,9,7,2
2021/11/21,1,0,10,7,3
2021/11/21,7,0,17,7,4
2021/11/21,0,15,2,7,5
2021/11/21,3,0,3,8,1
2021/11/21,3,0,6,8,2
2021/11/21,5,0,11,8,3
2021/11/21,5,0,16,8,4
2021/11/21,0,14,2,8,5
2021/11/21,1,0,1,9,1
2021/11/21,10,1,10,9,2
2021/11/21,1,0,11,9,3
2021/11/21,7,1,17,9,4
2021/11/21,3,16,4,9,5
2021/11/21,3,0,3,10,1
2021/11/21,2,0,5,10,2
2021/11/21,1,0,6,10,3
2021/11/21,5,0,11,10,4
2021/11/21,0,8,3,10,5
2021/11/21,0,0,0,11,1
2021/11/21,0,0,0,11,2
2021/11/21,0,0,0,11,3
2021/11/21,6,0,6,11,4
2021/11/21,0,5,1,11,5
2021/11/21,3,0,3,12,1
2021/11/21,5,0,8,12,2
2021/11/21,1,0,9,12,3
2021/11/21,11,0,20,12,4
2021/11/21,0,17,3,12,5
2021/11/21,0,0,0,13,1
2021/11/21,5,0,5,13,2
2021/11/21,0,0,5,13,3
2021/11/21,7,0,12,13,4
2021/11/21,0,10,2,13,5
2021/11/21,0,0,0,14,1
2021/11/21,0,0,0,14,2
2021/11/21,0,0,0,14,3
2021/11/21,4,0,4,14,4
2021/11/21,0,2,2,14,5
2021/11/21,0,0,0,15,1
2021/11/21,2,1,1,15,2
2021/11/21,8,0,9,15,3
2021/11/21,22,1,30,15,4
2021/11/21,0,25,5,15,5
2021/11/21,1,0,1,16,1
2021/11/21,1,1,1,16,2
2021/11/21,0,0,1,16,3
2021/11/21,1,0,2,16,4
2021/11/21,0,2,0,16,5
2021/11/21,2,0,2,17,1
2021/11/21,1,0,3,17,2
2021/11/21,0,0,3,17,3
2021/11/21,4,0,7,17,4
2021/11/21,0,5,2,17,5
2021/11/21,0,0,0,18,1
2021/11/21,2,0,2,18,2
2021/11/21,0,0,2,18,3
2021/11/21,0,0,2,18,4
2021/11/21,0,1,1,18,5
2021/11/21,0,0,0,19,1
2021/11/21,2,0,2,19,2
2021/11/21,0,0,2,19,3
2021/11/21,6,5,3,19,4
2021/11/21,0,4,-1,19,5
2021/11/21,0,0,0,20,1
2021/11/21,0,0,0,20,2
2021/11/21,0,0,0,20,3
2021/11/21,3,0,3,20,4
2021/11/21,0,2,1,20,5
2021/11/21,4,0,4,21,1
2021/11/21,0,0,4,21,2
2021/11/21,0,0,4,21,3
2021/11/21,5,0,9,21,4
2021/11/21,0,5,4,21,5
2021/11/21,0,0,0,22,1
2021/11/21,1,0,1,22,2
2021/11/21,0,0,1,22,3
2021/11/21,2,1,2,22,4
2021/11/21,0,3,-1,22,5
2021/11/21,0,0,0,23,1
2021/11/21,0,0,0,23,2
2021/11/21,0,0,0,23,3
2021/11/21,0,0,0,23,4
2021/11/21,0,0,0,23,5
2021/11/21,0,0,0,24,1
2021/11/21,0,0,0,24,2
2021/11/21,0,0,0,24,3
2021/11/21,0,0,0,24,4
2021/11/21,0,0,0,24,5
2021/11/21,4,0,4,25,1
2021/11/21,0,0,4,25,2
2021/11/21,0,0,4,25,3
2021/11/21,2,0,6,25,4
2021/11/21,0,2,4,25,5
2021/11/21,2,0,2,26,1
2021/11/21,0,0,2,26,2
2021/11/21,0,0,2,26,3
2021/11/21,1,0,3,26,4
2021/11/21,0,0,3,26,5
2021/11/22,0,0,0,1,1
2021/11/22,6,0,6,1,2
2021/11/22,0,0,6,1,3
2021/11/22,4,0,10,1,4
2021/11/22,0,5,5,1,5
2021/11/22,0,0,0,2,1
2021/11/22,4,0,4,2,2
2021/11/22,0,0,4,2,3
2021/11/22,6,0,10,2,4
2021/11/22,0,7,3,2,5
2021/11/22,1,0,1,3,1
2021/11/22,7,0,8,3,2
2021/11/22,2,0,10,3,3
2021/11/22,4,0,14,3,4
2021/11/22,0,12,2,3,5
2021/11/22,0,0,0,4,1
2021/11/22,6,0,6,4,2
2021/11/22,8,0,14,4,3
2021/11/22,7,0,21,4,4
2021/11/22,0,14,7,4,5
2021/11/22,0,0,0,5,1
2021/11/22,6,0,6,5,2
2021/11/22,1,0,7,5,3
2021/11/22,6,1,12,5,4
2021/11/22,0,9,3,5,5
2021/11/22,1,0,1,6,1
2021/11/22,2,0,3,6,2
2021/11/22,4,0,7,6,3
2021/11/22,3,0,10,6,4
2021/11/22,0,7,3,6,5
2021/11/22,0,0,0,7,1
2021/11/22,1,0,1,7,2
2021/11/22,1,0,2,7,3
2021/11/22,4,0,6,7,4
2021/11/22,0,5,1,7,5
2021/11/22,1,0,1,8,1
2021/11/22,4,0,5,8,2
2021/11/22,0,0,5,8,3
2021/11/22,6,0,11,8,4
2021/11/22,1,9,3,8,5
2021/11/22,0,0,0,9,1
2021/11/22,1,0,1,9,2
2021/11/22,2,0,3,9,3
2021/11/22,9,1,11,9,4
2021/11/22,1,12,0,9,5
2021/11/22,1,0,1,10,1
2021/11/22,6,0,7,10,2
2021/11/22,3,0,10,10,3
2021/11/22,6,0,16,10,4
2021/11/22,0,14,2,10,5
2021/11/22,1,0,1,11,1
2021/11/22,2,0,3,11,2
2021/11/22,0,0,3,11,3
2021/11/22,5,0,8,11,4
2021/11/22,0,7,1,11,5
2021/11/22,0,0,0,12,1
2021/11/22,1,0,1,12,2
2021/11/22,0,0,1,12,3
2021/11/22,6,0,7,12,4
2021/11/22,1,7,1,12,5
2021/11/22,0,0,0,13,1
2021/11/22,1,0,1,13,2
2021/11/22,1,1,1,13,3
2021/11/22,6,0,7,13,4
2021/11/22,0,5,2,13,5
2021/11/22,1,0,1,14,1
2021/11/22,2,0,3,14,2
2021/11/22,1,0,4,14,3
2021/11/22,7,0,11,14,4
2021/11/22,0,11,0,14,5
2021/11/22,2,0,2,15,1
2021/11/22,2,0,4,15,2
2021/11/22,0,0,4,15,3
2021/11/22,9,0,13,15,4
2021/11/22,0,10,3,15,5
2021/11/22,1,0,1,16,1
2021/11/22,3,0,4,16,2
2021/11/22,0,0,4,16,3
2021/11/22,2,0,6,16,4
2021/11/22,0,6,0,16,5
2021/11/22,2,0,2,17,1
2021/11/22,1,0,3,17,2
2021/11/22,0,0,3,17,3
2021/11/22,8,0,11,17,4
2021/11/22,0,9,2,17,5
2021/11/22,1,0,1,18,1
2021/11/22,2,0,3,18,2
2021/11/22,0,0,3,18,3
2021/11/22,4,0,7,18,4
2021/11/22,0,4,3,18,5
2021/11/22,0,0,0,19,1
2021/11/22,1,0,1,19,2
2021/11/22,0,0,1,19,3
2021/11/22,11,0,12,19,4
2021/11/22,0,12,0,19,5
2021/11/22,1,0,1,20,1
2021/11/22,4,0,5,20,2
2021/11/22,0,0,5,20,3
2021/11/22,3,0,8,20,4
2021/11/22,0,4,4,20,5
2021/11/22,5,0,5,21,1
2021/11/22,5,0,10,21,2
2021/11/22,0,0,10,21,3
2021/11/22,7,0,17,21,4
2021/11/22,0,11,6,21,5
2021/11/22,0,0,0,22,1
2021/11/22,0,0,0,22,2
2021/11/22,0,0,0,22,3
2021/11/22,2,0,2,22,4
2021/11/22,0,2,0,22,5
2021/11/22,0,0,0,23,1
2021/11/22,0,0,0,23,2
2021/11/22,0,0,0,23,3
2021/11/22,2,0,2,23,4
2021/11/22,0,1,1,23,5
2021/11/22,3,0,3,24,1
2021/11/22,0,0,3,24,2
2021/11/22,0,0,3,24,3
2021/11/22,2,0,5,24,4
2021/11/22,0,3,2,24,5
2021/11/22,0,0,0,25,1
2021/11/22,0,0,0,25,2
2021/11/22,0,0,0,25,3
2021/11/22,0,0,0,25,4
2021/11/22,0,0,0,25,5
2021/11/22,2,0,2,26,1
2021/11/22,0,0,2,26,2
2021/11/22,0,0,2,26,3
2021/11/22,1,0,3,26,4
2021/11/22,0,0,3,26,5
2021/11/23,0,0,0,1,1
2021/11/23,1,0,1,1,2
2021/11/23,0,0,1,1,3
2021/11/23,0,0,1,1,4
2021/11/23,0,1,0,1,5
2021/11/23,1,0,1,2,1
2021/11/23,0,0,1,2,2
2021/11/23,0,0,1,2,3
2021/11/23,2,0,3,2,4
2021/11/23,0,3,0,2,5
2021/11/23,0,0,0,3,1
2021/11/23,1,0,1,3,2
2021/11/23,1,0,2,3,3
2021/11/23,0,0,2,3,4
2021/11/23,1,3,0,3,5
2021/11/23,0,0,0,4,1
2021/11/23,3,0,3,4,2
2021/11/23,4,0,7,4,3
2021/11/23,3,0,10,4,4
2021/11/23,0,7,3,4,5
2021/11/23,3,0,3,5,1
2021/11/23,5,0,8,5,2
2021/11/23,3,0,11,5,3
2021/11/23,5,0,16,5,4
2021/11/23,0,12,4,5,5
2021/11/23,4,0,4,6,1
2021/11/23,6,0,10,6,2
2021/11/23,2,0,12,6,3
2021/11/23,5,0,17,6,4
2021/11/23,0,8,9,6,5
2021/11/23,0,0,0,7,1
2021/11/23,6,0,6,7,2
2021/11/23,2,0,8,7,3
2021/11/23,1,0,9,7,4
2021/11/23,0,9,0,7,5
2021/11/23,3,0,3,8,1
2021/11/23,5,1,7,8,2
2021/11/23,3,0,10,8,3
2021/11/23,6,0,16,8,4
2021/11/23,0,15,1,8,5
2021/11/23,0,0,0,9,1
2021/11/23,1,0,1,9,2
2021/11/23,5,0,6,9,3
2021/11/23,5,0,11,9,4
2021/11/23,0,9,2,9,5
2021/11/23,2,0,2,10,1
2021/11/23,5,0,7,10,2
2021/11/23,0,0,7,10,3
2021/11/23,9,2,14,10,4
2021/11/23,0,13,1,10,5
2021/11/23,0,0,0,11,1
2021/11/23,1,0,1,11,2
2021/11/23,2,0,3,11,3
2021/11/23,8,0,11,11,4
2021/11/23,0,9,2,11,5
2021/11/23,2,0,2,12,1
2021/11/23,4,0,6,12,2
2021/11/23,0,0,6,12,3
2021/11/23,3,0,9,12,4
2021/11/23,0,8,1,12,5
2021/11/23,2,0,2,13,1
2021/11/23,6,0,8,13,2
2021/11/23,0,0,8,13,3
2021/11/23,3,0,11,13,4
2021/11/23,0,6,5,13,5
2021/11/23,2,0,2,14,1
2021/11/23,4,0,6,14,2
2021/11/23,2,0,8,14,3
2021/11/23,9,0,17,14,4
2021/11/23,0,12,5,14,5
2021/11/23,1,0,1,15,1
2021/11/23,3,0,4,15,2
2021/11/23,0,0,4,15,3
2021/11/23,17,0,21,15,4
2021/11/23,0,14,7,15,5
2021/11/23,0,0,0,16,1
2021/11/23,2,0,2,16,2
2021/11/23,1,0,3,16,3
2021/11/23,7,0,10,16,4
2021/11/23,0,9,1,16,5
2021/11/23,2,0,2,17,1
2021/11/23,0,0,2,17,2
2021/11/23,1,0,3,17,3
2021/11/23,5,0,8,17,4
2021/11/23,0,6,2,17,5
2021/11/23,0,0,0,18,1
2021/11/23,3,0,3,18,2
2021/11/23,2,0,5,18,3
2021/11/23,4,0,9,18,4
2021/11/23,0,3,6,18,5
2021/11/23,0,0,0,19,1
2021/11/23,1,0,1,19,2
2021/11/23,1,0,2,19,3
2021/11/23,6,0,8,19,4
2021/11/23,0,6,2,19,5
2021/11/23,1,0,1,20,1
2021/11/23,0,0,1,20,2
2021/11/23,0,0,1,20,3
2021/11/23,1,0,2,20,4
2021/11/23,0,2,0,20,5
2021/11/23,6,0,6,21,1
2021/11/23,3,0,9,21,2
2021/11/23,0,0,9,21,3
2021/11/23,3,0,12,21,4
2021/11/23,0,6,6,21,5
2021/11/23,0,0,0,22,1
2021/11/23,0,0,0,22,2
2021/11/23,0,0,0,22,3
2021/11/23,2,0,2,22,4
2021/11/23,0,0,2,22,5
2021/11/23,0,0,0,23,1
2021/11/23,0,0,0,23,2
2021/11/23,0,0,0,23,3
2021/11/23,0,0,0,23,4
2021/11/23,0,0,0,23,5
2021/11/23,1,0,1,24,1
2021/11/23,0,0,1,24,2
2021/11/23,0,0,1,24,3
2021/11/23,2,0,3,24,4
2021/11/23,0,1,2,24,5
2021/11/23,0,0,0,25,1
2021/11/23,0,0,0,25,2
2021/11/23,0,0,0,25,3
2021/11/23,0,0,0,25,4
2021/11/23,0,0,0,25,5
2021/11/23,1,0,1,26,1
2021/11/23,1,0,2,26,2
2021/11/23,0,0,2,26,3
2021/11/23,0,0,2,26,4
2021/11/23,0,1,1,26,5
2021/11/24,0,0,0,1,1
2021/11/24,5,0,5,1,2
2021/11/24,1,0,6,1,3
2021/11/24,7,0,13,1,4
2021/11/24,0,8,5,1,5
2021/11/24,1,0,1,2,1
2021/11/24,6,0,7,2,2
2021/11/24,0,0,7,2,3
2021/11/24,3,0,10,2,4
2021/11/24,0,7,3,2,5
2021/11/24,2,0,2,3,1
2021/11/24,8,0,10,3,2
2021/11/24,4,0,14,3,3
2021/11/24,6,0,20,3,4
2021/11/24,0,17,3,3,5
2021/11/24,5,0,5,4,1
2021/11/24,11,0,16,4,2
2021/11/24,6,0,22,4,3
2021/11/24,10,0,32,4,4
2021/11/24,0,18,14,4,5
2021/11/24,1,0,1,5,1
2021/11/24,4,0,5,5,2
2021/11/24,5,0,10,5,3
2021/11/24,4,0,14,5,4
2021/11/24,1,12,3,5,5
2021/11/24,0,0,0,6,1
2021/11/24,3,0,3,6,2
2021/11/24,1,0,4,6,3
2021/11/24,1,0,5,6,4
2021/11/24,1,5,1,6,5
2021/11/24,1,0,1,7,1
2021/11/24,3,0,4,7,2
2021/11/24,0,0,4,7,3
2021/11/24,3,0,7,7,4
2021/11/24,0,5,2,7,5
2021/11/24,0,0,0,8,1
2021/11/24,3,0,3,8,2
2021/11/24,2,0,5,8,3
2021/11/24,6,1,10,8,4
2021/11/24,0,10,0,8,5
2021/11/24,0,0,0,9,1
2021/11/24,3,0,3,9,2
2021/11/24,1,0,4,9,3
2021/11/24,4,0,8,9,4
2021/11/24,0,10,-2,9,5
2021/11/24,0,0,0,10,1
2021/11/24,6,0,6,10,2
2021/11/24,0,0,6,10,3
2021/11/24,3,0,9,10,4
2021/11/24,0,8,1,10,5
2021/11/24,0,0,0,11,1
2021/11/24,4,0,4,11,2
2021/11/24,3,0,7,11,3
2021/11/24,6,0,13,11,4
2021/11/24,0,13,0,11,5
2021/11/24,0,0,0,12,1
2021/11/24,0,0,0,12,2
2021/11/24,2,0,2,12,3
2021/11/24,7,0,9,12,4
2021/11/24,0,9,0,12,5
2021/11/24,1,0,1,13,1
2021/11/24,0,0,1,13,2
2021/11/24,2,0,3,13,3
2021/11/24,4,0,7,13,4
2021/11/24,0,4,3,13,5
2021/11/24,1,0,1,14,1
2021/11/24,4,0,5,14,2
2021/11/24,0,0,5,14,3
2021/11/24,5,0,10,14,4
2021/11/24,0,7,3,14,5
2021/11/24,1,0,1,15,1
2021/11/24,5,0,6,15,2
2021/11/24,0,0,6,15,3
2021/11/24,7,0,13,15,4
2021/11/24,0,11,2,15,5
2021/11/24,1,0,1,16,1
2021/11/24,2,0,3,16,2
2021/11/24,0,0,3,16,3
2021/11/24,1,0,4,16,4
2021/11/24,0,3,1,16,5
2021/11/24,7,0,7,17,1
2021/11/24,1,0,8,17,2
2021/11/24,0,0,8,17,3
2021/11/24,8,0,16,17,4
2021/11/24,0,12,4,17,5
2021/11/24,1,0,1,18,1
2021/11/24,1,0,2,18,2
2021/11/24,4,0,6,18,3
2021/11/24,6,0,12,18,4
2021/11/24,0,6,6,18,5
2021/11/24,1,0,1,19,1
2021/11/24,2,0,3,19,2
2021/11/24,1,0,4,19,3
2021/11/24,14,0,18,19,4
2021/11/24,0,15,3,19,5
2021/11/24,1,0,1,20,1
2021/11/24,0,0,1,20,2
2021/11/24,1,0,2,20,3
2021/11/24,3,0,5,20,4
2021/11/24,0,2,3,20,5
2021/11/24,4,0,4,21,1
2021/11/24,1,0,5,21,2
2021/11/24,0,0,5,21,3
2021/11/24,8,0,13,21,4
2021/11/24,0,9,4,21,5
2021/11/24,2,0,2,22,1
2021/11/24,0,0,2,22,2
2021/11/24,0,0,2,22,3
2021/11/24,6,0,8,22,4
2021/11/24,0,8,0,22,5
2021/11/24,1,0,1,23,1
2021/11/24,1,0,2,23,2
2021/11/24,0,0,2,23,3
2021/11/24,1,0,3,23,4
2021/11/24,0,2,1,23,5
2021/11/24,2,0,2,24,1
2021/11/24,1,0,3,24,2
2021/11/24,0,0,3,24,3
2021/11/24,2,0,5,24,4
2021/11/24,0,2,3,24,5
2021/11/24,0,0,0,25,1
2021/11/24,0,0,0,25,2
2021/11/24,0,0,0,25,3
2021/11/24,0,0,0,25,4
2021/11/24,0,0,0,25,5
2021/11/24,4,0,4,26,1
2021/11/24,2,0,6,26,2
2021/11/24,0,0,6,26,3
2021/11/24,1,0,7,26,4
2021/11/24,0,2,5,26,5
2021/11/25,1,0,1,1,1
2021/11/25,2,0,3,1,2
2021/11/25,0,0,3,1,3
2021/11/25,6,0,9,1,4
2021/11/25,0,8,1,1,5
2021/11/25,0,0,0,2,1
2021/11/25,7,0,7,2,2
2021/11/25,2,0,9,2,3
2021/11/25,1,0,10,2,4
2021/11/25,0,7,3,2,5
2021/11/25,2,0,2,3,1
2021/11/25,11,0,13,3,2
2021/11/25,4,0,17,3,3
2021/11/25,7,0,24,3,4
2021/11/25,1,21,4,3,5
2021/11/25,0,0,0,4,1
2021/11/25,6,0,6,4,2
2021/11/25,6,0,12,4,3
2021/11/25,4,0,16,4,4
2021/11/25,0,14,2,4,5
2021/11/25,1,0,1,5,1
2021/11/25,7,0,8,5,2
2021/11/25,3,0,11,5,3
2021/11/25,8,0,19,5,4
2021/11/25,0,15,4,5,5
2021/11/25,1,0,1,6,1
2021/11/25,2,0,3,6,2
2021/11/25,3,0,6,6,3
2021/11/25,7,0,13,6,4
2021/11/25,0,12,1,6,5
2021/11/25,1,0,1,7,1
2021/11/25,3,0,4,7,2
2021/11/25,1,0,5,7,3
2021/11/25,3,0,8,7,4
2021/11/25,0,7,1,7,5
2021/11/25,3,0,3,8,1
2021/11/25,2,0,5,8,2
2021/11/25,2,0,7,8,3
2021/11/25,3,0,10,8,4
2021/11/25,0,9,1,8,5
2021/11/25,0,0,0,9,1
2021/11/25,1,0,1,9,2
2021/11/25,0,0,1,9,3
2021/11/25,8,0,9,9,4
2021/11/25,0,7,2,9,5
2021/11/25,3,0,3,10,1
2021/11/25,1,0,4,10,2
2021/11/25,1,0,5,10,3
2021/11/25,8,0,13,10,4
2021/11/25,0,5,8,10,5
2021/11/25,0,0,0,11,1
2021/11/25,5,0,5,11,2
2021/11/25,0,0,5,11,3
2021/11/25,6,0,11,11,4
2021/11/25,0,10,1,11,5
2021/11/25,1,0,1,12,1
2021/11/25,1,0,2,12,2
2021/11/25,3,0,5,12,3
2021/11/25,0,0,5,12,4
2021/11/25,0,4,1,12,5
2021/11/25,2,0,2,13,1
2021/11/25,2,0,4,13,2
2021/11/25,1,0,5,13,3
2021/11/25,9,0,14,13,4
2021/11/25,0,12,2,13,5
2021/11/25,2,0,2,14,1
2021/11/25,1,0,3,14,2
2021/11/25,2,0,5,14,3
2021/11/25,3,0,8,14,4
2021/11/25,0,6,2,14,5
2021/11/25,4,0,4,15,1
2021/11/25,1,0,5,15,2
2021/11/25,1,0,6,15,3
2021/11/25,17,0,23,15,4
2021/11/25,0,18,5,15,5
2021/11/25,0,0,0,16,1
2021/11/25,4,0,4,16,2
2021/11/25,2,0,6,16,3
2021/11/25,3,0,9,16,4
2021/11/25,0,7,2,16,5
2021/11/25,2,0,2,17,1
2021/11/25,2,0,4,17,2
2021/11/25,4,0,8,17,3
2021/11/25,7,0,15,17,4
2021/11/25,0,11,4,17,5
2021/11/25,2,0,2,18,1
2021/11/25,9,0,11,18,2
2021/11/25,0,0,11,18,3
2021/11/25,7,0,18,18,4
2021/11/25,0,14,4,18,5
2021/11/25,1,0,1,19,1
2021/11/25,2,0,3,19,2
2021/11/25,4,0,7,19,3
2021/11/25,11,0,18,19,4
2021/11/25,0,15,3,19,5
2021/11/25,1,0,1,20,1
2021/11/25,0,0,1,20,2
2021/11/25,0,0,1,20,3
2021/11/25,6,0,7,20,4
2021/11/25,0,6,1,20,5
2021/11/25,6,0,6,21,1
2021/11/25,1,0,7,21,2
2021/11/25,0,0,7,21,3
2021/11/25,3,0,10,21,4
2021/11/25,0,3,7,21,5
2021/11/25,2,0,2,22,1
2021/11/25,0,0,2,22,2
2021/11/25,0,0,2,22,3
2021/11/25,2,0,4,22,4
2021/11/25,0,4,0,22,5
2021/11/25,1,0,1,23,1
2021/11/25,1,0,2,23,2
2021/11/25,1,0,3,23,3
2021/11/25,3,0,6,23,4
2021/11/25,0,6,0,23,5
2021/11/25,1,0,1,24,1
2021/11/25,0,0,1,24,2
2021/11/25,0,0,1,24,3
2021/11/25,5,0,6,24,4
2021/11/25,0,5,1,24,5
2021/11/25,0,0,0,25,1
2021/11/25,0,0,0,25,2
2021/11/25,0,0,0,25,3
2021/11/25,0,0,0,25,4
2021/11/25,0,0,0,25,5
2021/11/25,4,0,4,26,1
2021/11/25,0,0,4,26,2
2021/11/25,0,0,4,26,3
2021/11/25,2,0,6,26,4
2021/11/25,0,2,4,26,5
2021/11/26,1,0,1,1,1
2021/11/26,5,0,6,1,2
2021/11/26,1,0,7,1,3
2021/11/26,6,0,13,1,4
2021/11/26,0,8,5,1,5
2021/11/26,1,0,1,2,1
2021/11/26,7,0,8,2,2
2021/11/26,1,0,9,2,3
2021/11/26,4,0,13,2,4
2021/11/26,0,10,3,2,5
2021/11/26,0,0,0,3,1
2021/11/26,13,0,13,3,2
2021/11/26,4,0,17,3,3
2021/11/26,4,0,21,3,4
2021/11/26,1,15,7,3,5
2021/11/26,2,0,2,4,1
2021/11/26,6,0,8,4,2
2021/11/26,10,0,18,4,3
2021/11/26,9,0,27,4,4
2021/11/26,0,14,13,4,5
2021/11/26,1,0,1,5,1
2021/11/26,4,0,5,5,2
2021/11/26,3,0,8,5,3
2021/11/26,13,0,21,5,4
2021/11/26,1,15,7,5,5
2021/11/26,5,0,5,6,1
2021/11/26,5,0,10,6,2
2021/11/26,3,0,13,6,3
2021/11/26,5,0,18,6,4
2021/11/26,1,11,8,6,5
2021/11/26,0,0,0,7,1
2021/11/26,1,0,1,7,2
2021/11/26,1,0,2,7,3
2021/11/26,7,0,9,7,4
2021/11/26,0,7,2,7,5
2021/11/26,1,0,1,8,1
2021/11/26,0,0,1,8,2
2021/11/26,2,0,3,8,3
2021/11/26,7,0,10,8,4
2021/11/26,1,5,6,8,5
2021/11/26,3,0,3,9,1
2021/11/26,6,0,9,9,2
2021/11/26,0,0,9,9,3
2021/11/26,8,0,17,9,4
2021/11/26,1,14,4,9,5
2021/11/26,0,0,0,10,1
2021/11/26,3,0,3,10,2
2021/11/26,2,0,5,10,3
2021/11/26,13,1,17,10,4
2021/11/26,0,13,4,10,5
2021/11/26,0,0,0,11,1
2021/11/26,1,0,1,11,2
2021/11/26,0,0,1,11,3
2021/11/26,7,0,8,11,4
2021/11/26,0,9,-1,11,5
2021/11/26,0,0,0,12,1
2021/11/26,3,0,3,12,2
2021/11/26,2,0,5,12,3
2021/11/26,6,0,11,12,4
2021/11/26,0,11,0,12,5
2021/11/26,1,0,1,13,1
2021/11/26,3,0,4,13,2
2021/11/26,0,0,4,13,3
2021/11/26,4,0,8,13,4
2021/11/26,0,6,2,13,5
2021/11/26,3,0,3,14,1
2021/11/26,2,0,5,14,2
2021/11/26,2,0,7,14,3
2021/11/26,7,0,14,14,4
2021/11/26,0,10,4,14,5
2021/11/26,1,0,1,15,1
2021/11/26,3,0,4,15,2
2021/11/26,2,0,6,15,3
2021/11/26,4,0,10,15,4
2021/11/26,0,9,1,15,5
2021/11/26,1,0,1,16,1
2021/11/26,1,0,2,16,2
2021/11/26,0,0,2,16,3
2021/11/26,3,0,5,16,4
2021/11/26,1,6,0,16,5
2021/11/26,0,0,0,17,1
2021/11/26,1,0,1,17,2
2021/11/26,1,0,2,17,3
2021/11/26,2,0,4,17,4
2021/11/26,0,7,-3,17,5
2021/11/26,1,0,1,18,1
2021/11/26,1,0,2,18,2
2021/11/26,0,0,2,18,3
2021/11/26,7,0,9,18,4
2021/11/26,0,6,3,18,5
2021/11/26,2,0,2,19,1
2021/11/26,3,0,5,19,2
2021/11/26,1,0,6,19,3
2021/11/26,15,0,21,19,4
2021/11/26,0,21,0,19,5
2021/11/26,1,0,1,20,1
2021/11/26,1,0,2,20,2
2021/11/26,0,0,2,20,3
2021/11/26,3,0,5,20,4
2021/11/26,0,2,3,20,5
2021/11/26,1,0,1,21,1
2021/11/26,2,0,3,21,2
2021/11/26,0,0,3,21,3
2021/11/26,3,0,6,21,4
2021/11/26,0,5,1,21,5
2021/11/26,1,0,1,22,1
2021/11/26,2,0,3,22,2
2021/11/26,0,0,3,22,3
2021/11/26,4,0,7,22,4
2021/11/26,0,5,2,22,5
2021/11/26,0,0,0,23,1
2021/11/26,0,0,0,23,2
2021/11/26,0,0,0,23,3
2021/11/26,4,0,4,23,4
2021/11/26,0,4,0,23,5
2021/11/26,0,0,0,24,1
2021/11/26,0,0,0,24,2
2021/11/26,0,0,0,24,3
2021/11/26,2,0,2,24,4
2021/11/26,0,3,-1,24,5
2021/11/26,0,0,0,25,1
2021/11/26,0,0,0,25,2
2021/11/26,0,0,0,25,3
2021/11/26,3,0,3,25,4
2021/11/26,0,3,0,25,5
2021/11/26,0,0,0,26,1
2021/11/26,0,0,0,26,2
2021/11/26,0,0,0,26,3
2021/11/26,2,0,2,26,4
2021/11/26,0,3,-1,26,5
2021/11/27,0,0,0,1,1
2021/11/27,0,0,0,1,2
2021/11/27,1,0,1,1,3
2021/11/27,0,0,1,1,4
2021/11/27,0,0,1,1,5
2021/11/27,0,0,0,2,1
2021/11/27,1,0,1,2,2
2021/11/27,2,0,3,2,3
2021/11/27,4,0,7,2,4
2021/11/27,0,5,2,2,5
2021/11/27,3,0,3,3,1
2021/11/27,5,0,8,3,2
2021/11/27,1,0,9,3,3
2021/11/27,5,0,14,3,4
2021/11/27,0,11,3,3,5
2021/11/27,0,0,0,4,1
2021/11/27,9,0,9,4,2
2021/11/27,0,0,9,4,3
2021/11/27,2,0,11,4,4
2021/11/27,0,4,7,4,5
2021/11/27,2,0,2,5,1
2021/11/27,4,1,5,5,2
2021/11/27,4,0,9,5,3
2021/11/27,3,0,12,5,4
2021/11/27,0,8,4,5,5
2021/11/27,0,0,0,6,1
2021/11/27,5,0,5,6,2
2021/11/27,1,0,6,6,3
2021/11/27,4,0,10,6,4
2021/11/27,0,7,3,6,5
2021/11/27,1,0,1,7,1
2021/11/27,4,0,5,7,2
2021/11/27,0,0,5,7,3
2021/11/27,2,0,7,7,4
2021/11/27,0,7,0,7,5
2021/11/27,2,0,2,8,1
2021/11/27,4,0,6,8,2
2021/11/27,3,0,9,8,3
2021/11/27,9,0,18,8,4
2021/11/27,0,11,7,8,5
2021/11/27,2,0,2,9,1
2021/11/27,1,0,3,9,2
2021/11/27,3,0,6,9,3
2021/11/27,10,0,16,9,4
2021/11/27,0,13,3,9,5
2021/11/27,5,0,5,10,1
2021/11/27,4,0,9,10,2
2021/11/27,4,0,13,10,3
2021/11/27,7,0,20,10,4
2021/11/27,0,16,4,10,5
2021/11/27,1,0,1,11,1
2021/11/27,1,0,2,11,2
2021/11/27,0,0,2,11,3
2021/11/27,7,0,9,11,4
2021/11/27,0,9,0,11,5
2021/11/27,1,0,1,12,1
2021/11/27,6,0,7,12,2
2021/11/27,1,0,8,12,3
2021/11/27,7,0,15,12,4
2021/11/27,0,11,4,12,5
2021/11/27,1,0,1,13,1
2021/11/27,3,0,4,13,2
2021/11/27,1,0,5,13,3
2021/11/27,6,0,11,13,4
2021/11/27,0,9,2,13,5
2021/11/27,0,0,0,14,1
2021/11/27,3,0,3,14,2
2021/11/27,0,0,3,14,3
2021/11/27,0,0,3,14,4
2021/11/27,0,1,2,14,5
2021/11/27,2,0,2,15,1
2021/11/27,2,0,4,15,2
2021/11/27,0,0,4,15,3
2021/11/27,5,0,9,15,4
2021/11/27,0,7,2,15,5
2021/11/27,1,0,1,16,1
2021/11/27,3,0,4,16,2
2021/11/27,0,0,4,16,3
2021/11/27,6,0,10,16,4
2021/11/27,0,11,-1,16,5
2021/11/27,2,0,2,17,1
2021/11/27,0,0,2,17,2
2021/11/27,1,0,3,17,3
2021/11/27,5,0,8,17,4
2021/11/27,0,5,3,17,5
2021/11/27,0,0,0,18,1
2021/11/27,4,0,4,18,2
2021/11/27,2,0,6,18,3
2021/11/27,4,0,10,18,4
2021/11/27,0,10,0,18,5
2021/11/27,0,0,0,19,1
2021/11/27,2,0,2,19,2
2021/11/27,2,0,4,19,3
2021/11/27,7,0,11,19,4
2021/11/27,0,10,1,19,5
2021/11/27,4,0,4,20,1
2021/11/27,0,0,4,20,2
2021/11/27,0,0,4,20,3
2021/11/27,6,0,10,20,4
2021/11/27,0,5,5,20,5
2021/11/27,1,0,1,21,1
2021/11/27,1,0,2,21,2
2021/11/27,0,0,2,21,3
2021/11/27,1,0,3,21,4
2021/11/27,0,2,1,21,5
2021/11/27,0,0,0,22,1
2021/11/27,0,0,0,22,2
2021/11/27,0,0,0,22,3
2021/11/27,2,0,2,22,4
2021/11/27,0,0,2,22,5
2021/11/27,1,0,1,23,1
2021/11/27,0,0,1,23,2
2021/11/27,0,0,1,23,3
2021/11/27,3,0,4,23,4
2021/11/27,0,4,0,23,5
2021/11/27,0,0,0,24,1
2021/11/27,0,0,0,24,2
2021/11/27,0,0,0,24,3
2021/11/27,1,0,1,24,4
2021/11/27,0,1,0,24,5
2021/11/27,0,0,0,25,1
2021/11/27,0,0,0,25,2
2021/11/27,0,0,0,25,3
2021/11/27,3,0,3,25,4
2021/11/27,0,2,1,25,5
2021/11/27,1,0,1,26,1
2021/11/27,0,0,1,26,2
2021/11/27,0,0,1,26,3
2021/11/27,0,0,1,26,4
2021/11/27,0,0,1,26,5
2021/11/28,0,0,0,1,1
2021/11/28,0,0,0,1,2
2021/11/28,0,0,0,1,3
2021/11/28,1,0,1,1,4
2021/11/28,0,1,0,1,5
2021/11/28,2,0,2,2,1
2021/11/28,1,0,3,2,2
2021/11/28,0,0,3,2,3
2021/11/28,1,0,4,2,4
2021/11/28,0,2,2,2,5
2021/11/28,0,0,0,3,1
2021/11/28,2,0,2,3,2
2021/11/28,0,0,2,3,3
2021/11/28,6,0,8,3,4
2021/11/28,0,7,1,3,5
2021/11/28,1,0,1,4,1
2021/11/28,1,0,2,4,2
2021/11/28,4,0,6,4,3
2021/11/28,7,0,13,4,4
2021/11/28,0,8,5,4,5
2021/11/28,0,0,0,5,1
2021/11/28,7,0,7,5,2
2021/11/28,1,0,8,5,3
2021/11/28,5,0,13,5,4
2021/11/28,0,11,2,5,5
2021/11/28,0,0,0,6,1
2021/11/28,2,0,2,6,2
2021/11/28,1,0,3,6,3
2021/11/28,5,0,8,6,4
2021/11/28,0,3,5,6,5
2021/11/28,2,0,2,7,1
2021/11/28,4,0,6,7,2
2021/11/28,0,0,6,7,3
2021/11/28,4,0,10,7,4
2021/11/28,0,9,1,7,5
2021/11/28,1,0,1,8,1
2021/11/28,9,0,10,8,2
2021/11/28,5,0,15,8,3
2021/11/28,8,0,23,8,4
2021/11/28,1,18,6,8,5
2021/11/28,2,0,2,9,1
2021/11/28,11,0,13,9,2
2021/11/28,0,0,13,9,3
2021/11/28,6,0,19,9,4
2021/11/28,0,17,2,9,5
2021/11/28,1,0,1,10,1
2021/11/28,3,0,4,10,2
2021/11/28,0,0,4,10,3
2021/11/28,6,0,10,10,4
2021/11/28,0,9,1,10,5
2021/11/28,2,0,2,11,1
2021/11/28,1,0,3,11,2
2021/11/28,4,0,7,11,3
2021/11/28,11,0,18,11,4
2021/11/28,0,16,2,11,5
2021/11/28,0,0,0,12,1
2021/11/28,1,0,1,12,2
2021/11/28,2,0,3,12,3
2021/11/28,7,0,10,12,4
2021/11/28,0,7,3,12,5
2021/11/28,0,0,0,13,1
2021/11/28,6,0,6,13,2
2021/11/28,2,0,8,13,3
2021/11/28,1,0,9,13,4
2021/11/28,0,8,1,13,5
2021/11/28,1,0,1,14,1
2021/11/28,0,0,1,14,2
2021/11/28,0,0,1,14,3
2021/11/28,3,0,4,14,4
2021/11/28,0,2,2,14,5
2021/11/28,2,0,2,15,1
2021/11/28,4,0,6,15,2
2021/11/28,7,0,13,15,3
2021/11/28,2,0,15,15,4
2021/11/28,1,8,8,15,5
2021/11/28,0,0,0,16,1
2021/11/28,3,0,3,16,2
2021/11/28,1,0,4,16,3
2021/11/28,4,0,8,16,4
2021/11/28,0,5,3,16,5
2021/11/28,1,0,1,17,1
2021/11/28,1,0,2,17,2
2021/11/28,0,0,2,17,3
2021/11/28,2,0,4,17,4
2021/11/28,0,7,-3,17,5
2021/11/28,0,0,0,18,1
2021/11/28,0,0,0,18,2
2021/11/28,1,0,1,18,3
2021/11/28,5,0,6,18,4
2021/11/28,0,4,2,18,5
2021/11/28,0,0,0,19,1
2021/11/28,1,1,0,19,2
2021/11/28,0,0,0,19,3
2021/11/28,8,0,8,19,4
2021/11/28,0,9,-1,19,5
2021/11/28,,0,,20,1
2021/11/28,,,,20,2
2021/11/28,,,,20,3
2021/11/28,,,,20,4
2021/11/28,,,,20,5
2021/11/28,0,0,0,21,1
2021/11/28,0,0,0,21,2
2021/11/28,0,0,0,21,3
2021/11/28,0,0,0,21,4
2021/11/28,0,0,0,21,5
2021/11/28,,0,,22,1
2021/11/28,,,,22,2
2021/11/28,,,,22,3
2021/11/28,,,,22,4
2021/11/28,,,,22,5
2021/11/28,12,0,12,23,1
2021/11/28,0,0,2,23,2
2021/11/28,1,0,3,23,3
2021/11/28,2,0,5,23,4
2021/11/28,0,1,4,23,5
2021/11/28,2,0,2,24,1
2021/11/28,0,0,12,24,2
2021/11/28,0,0,12,24,3
2021/11/28,0,0,12,24,4
2021/11/28,0,1,11,24,5
2021/11/28,2,0,2,25,1
2021/11/28,0,0,2,25,2
2021/11/28,0,0,2,25,3
2021/11/28,2,0,4,25,4
2021/11/28,0,2,2,25,5
2021/11/28,0,0,0,26,1
2021/11/28,0,0,0,26,2
2021/11/28,0,0,0,26,3
2021/11/28,2,0,2,26,4
2021/11/28,0,1,1,26,5
2021/11/29,1,0,1,1,1
2021/11/29,3,0,4,1,2
2021/11/29,0,0,4,1,3
2021/11/29,7,0,11,1,4
2021/11/29,0,4,7,1,5
2021/11/29,1,0,1,2,1
2021/11/29,6,0,7,2,2
2021/11/29,1,0,8,2,3
2021/11/29,3,0,11,2,4
2021/11/29,0,9,2,2,5
2021/11/29,0,0,0,3,1
2021/11/29,14,1,13,3,2
2021/11/29,2,0,15,3,3
2021/11/29,3,0,18,3,4
2021/11/29,2,18,2,3,5
2021/11/29,1,0,1,4,1
2021/11/29,5,0,6,4,2
2021/11/29,7,0,13,4,3
2021/11/29,6,0,19,4,4
2021/11/29,1,16,4,4,5
2021/11/29,0,0,0,5,1
2021/11/29,4,0,4,5,2
2021/11/29,6,0,10,5,3
2021/11/29,5,0,15,5,4
2021/11/29,0,12,3,5,5
2021/11/29,3,0,3,6,1
2021/11/29,2,0,5,6,2
2021/11/29,1,0,6,6,3
2021/11/29,10,0,16,6,4
2021/11/29,0,11,5,6,5
2021/11/29,1,0,1,7,1
2021/11/29,4,0,5,7,2
2021/11/29,1,0,6,7,3
2021/11/29,7,0,13,7,4
2021/11/29,1,8,6,7,5
2021/11/29,0,0,0,8,1
2021/11/29,2,1,1,8,2
2021/11/29,3,0,4,8,3
2021/11/29,6,0,10,8,4
2021/11/29,0,7,3,8,5
2021/11/29,0,0,0,9,1
2021/11/29,3,0,3,9,2
2021/11/29,2,0,5,9,3
2021/11/29,9,0,14,9,4
2021/11/29,0,12,2,9,5
2021/11/29,5,0,5,10,1
2021/11/29,3,0,8,10,2
2021/11/29,2,0,10,10,3
2021/11/29,7,0,17,10,4
2021/11/29,1,8,10,10,5
2021/11/29,1,0,1,11,1
2021/11/29,6,0,7,11,2
2021/11/29,0,0,7,11,3
2021/11/29,4,0,11,11,4
2021/11/29,0,9,2,11,5
2021/11/29,0,0,0,12,1
2021/11/29,4,0,4,12,2
2021/11/29,0,0,4,12,3
2021/11/29,1,0,5,12,4
2021/11/29,1,3,3,12,5
2021/11/29,1,0,1,13,1
2021/11/29,2,0,3,13,2
2021/11/29,0,0,3,13,3
2021/11/29,5,0,8,13,4
2021/11/29,0,6,2,13,5
2021/11/29,5,0,5,14,1
2021/11/29,1,0,6,14,2
2021/11/29,1,0,7,14,3
2021/11/29,1,0,8,14,4
2021/11/29,0,3,5,14,5
2021/11/29,1,0,1,15,1
2021/11/29,0,0,1,15,2
2021/11/29,1,0,2,15,3
2021/11/29,9,0,11,15,4
2021/11/29,0,10,1,15,5
2021/11/29,0,0,0,16,1
2021/11/29,2,0,2,16,2
2021/11/29,0,0,2,16,3
2021/11/29,6,0,8,16,4
2021/11/29,0,8,0,16,5
2021/11/29,2,0,2,17,1
2021/11/29,0,0,2,17,2
2021/11/29,1,0,3,17,3
2021/11/29,6,0,9,17,4
2021/11/29,0,11,-2,17,5
2021/11/29,1,0,1,18,1
2021/11/29,0,0,1,18,2
2021/11/29,2,0,3,18,3
2021/11/29,7,0,10,18,4
2021/11/29,0,6,4,18,5
2021/11/29,1,0,1,19,1
2021/11/29,3,0,4,19,2
2021/11/29,2,0,6,19,3
2021/11/29,9,0,15,19,4
2021/11/29,0,10,5,19,5
2021/11/29,1,0,1,20,1
2021/11/29,0,0,1,20,2
2021/11/29,0,0,1,20,3
2021/11/29,4,0,5,20,4
2021/11/29,0,3,2,20,5
2021/11/29,3,0,3,21,1
2021/11/29,3,0,6,21,2
2021/11/29,0,0,6,21,3
2021/11/29,6,0,12,21,4
2021/11/29,0,8,4,21,5
2021/11/29,1,0,1,22,1
2021/11/29,0,0,1,22,2
2021/11/29,0,0,1,22,3
2021/11/29,1,0,2,22,4
2021/11/29,0,2,0,22,5
2021/11/29,2,0,2,23,1
2021/11/29,0,0,2,23,2
2021/11/29,0,0,2,23,3
2021/11/29,2,0,4,23,4
2021/11/29,0,3,1,23,5
2021/11/29,5,0,5,24,1
2021/11/29,1,1,5,24,2
2021/11/29,2,0,7,24,3
2021/11/29,1,0,8,24,4
2021/11/29,0,1,7,24,5
2021/11/29,0,0,0,25,1
2021/11/29,0,0,0,25,2
2021/11/29,0,0,0,25,3
2021/11/29,2,0,2,25,4
2021/11/29,1,1,2,25,5
2021/11/29,1,0,1,26,1
2021/11/29,0,0,1,26,2
2021/11/29,0,0,1,26,3
2021/11/29,0,0,1,26,4
2021/11/29,0,0,1,26,5
2021/11/30,0,0,0,1,1
2021/11/30,2,0,2,1,2
2021/11/30,2,0,4,1,3
2021/11/30,6,0,10,1,4
2021/11/30,0,8,2,1,5
2021/11/30,2,0,2,2,1
2021/11/30,5,0,7,2,2
2021/11/30,2,0,9,2,3
2021/11/30,2,0,11,2,4
2021/11/30,0,10,1,2,5
2021/11/30,0,0,0,3,1
2021/11/30,11,1,10,3,2
2021/11/30,3,0,13,3,3
2021/11/30,6,0,19,3,4
2021/11/30,0,20,-1,3,5
2021/11/30,1,0,1,4,1
2021/11/30,3,0,4,4,2
2021/11/30,5,0,9,4,3
2021/11/30,8,0,17,4,4
2021/11/30,0,14,3,4,5
2021/11/30,3,0,3,5,1
2021/11/30,4,0,7,5,2
2021/11/30,6,0,13,5,3
2021/11/30,5,0,18,5,4
2021/11/30,0,17,1,5,5
2021/11/30,5,0,5,6,1
2021/11/30,4,0,9,6,2
2021/11/30,2,0,11,6,3
2021/11/30,2,0,13,6,4
2021/11/30,0,7,6,6,5
2021/11/30,1,0,1,7,1
2021/11/30,1,0,2,7,2
2021/11/30,0,0,2,7,3
2021/11/30,6,0,8,7,4
2021/11/30,0,6,2,7,5
2021/11/30,0,0,0,8,1
2021/11/30,3,0,3,8,2
2021/11/30,2,0,5,8,3
2021/11/30,12,0,17,8,4
2021/11/30,0,15,2,8,5
2021/11/30,1,0,1,9,1
2021/11/30,3,0,4,9,2
2021/11/30,0,0,4,9,3
2021/11/30,5,0,9,9,4
2021/11/30,0,6,3,9,5
2021/11/30,0,0,0,10,1
2021/11/30,1,0,1,10,2
2021/11/30,0,0,1,10,3
2021/11/30,8,0,9,10,4
2021/11/30,0,9,0,10,5
2021/11/30,4,0,4,11,1
2021/11/30,2,0,6,11,2
2021/11/30,2,0,8,11,3
2021/11/30,7,0,15,11,4
2021/11/30,0,9,6,11,5
2021/11/30,0,0,0,12,1
2021/11/30,0,0,0,12,2
2021/11/30,2,0,2,12,3
2021/11/30,3,0,5,12,4
2021/11/30,1,3,3,12,5
2021/11/30,0,0,0,13,1
2021/11/30,0,0,0,13,2
2021/11/30,2,0,2,13,3
2021/11/30,9,0,11,13,4
2021/11/30,1,6,6,13,5
2021/11/30,2,0,2,14,1
2021/11/30,0,0,2,14,2
2021/11/30,0,0,2,14,3
2021/11/30,2,0,4,14,4
2021/11/30,0,3,1,14,5
2021/11/30,1,0,1,15,1
2021/11/30,2,0,3,15,2
2021/11/30,1,0,4,15,3
2021/11/30,9,0,13,15,4
2021/11/30,0,13,0,15,5
2021/11/30,2,0,2,16,1
2021/11/30,1,0,2,16,2
2021/11/30,3,0,5,16,3
2021/11/30,4,0,9,16,4
2021/11/30,0,9,0,16,5
2021/11/30,1,0,1,17,1
2021/11/30,0,0,2,17,2
2021/11/30,1,0,3,17,3
2021/11/30,6,0,9,17,4
2021/11/30,0,8,1,17,5
2021/11/30,1,0,1,18,1
2021/11/30,2,0,3,18,2
2021/11/30,1,0,4,18,3
2021/11/30,7,0,11,18,4
2021/11/30,0,9,2,18,5
2021/11/30,1,0,1,19,1
2021/11/30,2,0,3,19,2
2021/11/30,2,0,5,19,3
2021/11/30,16,0,21,19,4
2021/11/30,0,19,2,19,5
2021/11/30,1,0,1,20,1
2021/11/30,1,0,2,20,2
2021/11/30,0,0,2,20,3
2021/11/30,4,0,6,20,4
2021/11/30,0,10,-4,20,5
2021/11/30,1,0,1,21,1
2021/11/30,3,0,4,21,2
2021/11/30,0,0,4,21,3
2021/11/30,11,0,15,21,4
2021/11/30,0,10,5,21,5
2021/11/30,1,0,1,22,1
2021/11/30,0,0,1,22,2
2021/11/30,0,0,1,22,3
2021/11/30,2,0,3,22,4
2021/11/30,0,4,-1,22,5
2021/11/30,2,0,2,23,1
2021/11/30,0,0,2,23,2
2021/11/30,0,0,2,23,3
2021/11/30,3,0,5,23,4
2021/11/30,0,5,0,23,5
2021/11/30,2,0,2,24,1
2021/11/30,4,0,6,24,2
2021/11/30,0,0,6,24,3
2021/11/30,1,0,7,24,4
2021/11/30,0,4,3,24,5
2021/11/30,0,0,0,25,1
2021/11/30,1,0,1,25,2
2021/11/30,0,0,1,25,3
2021/11/30,4,0,5,25,4
2021/11/30,0,6,-1,25,5
2021/11/30,1,0,1,26,1
2021/11/30,0,0,1,26,2
2021/11/30,2,0,3,26,3
2021/11/30,1,0,4,26,4
2021/11/30,0,1,3,26,5
